{"stats":{"minecraft:custom":{"minecraft:mob_kills":10,"minecraft:interact_with_crafting_table":3,"minecraft:open_barrel":7,"minecraft:time_since_death":10828,"minecraft:sleep_in_bed":3,"minecraft:time_since_rest":10866,"minecraft:sprint_one_cm":44993,"minecraft:damage_taken":841,"minecraft:walk_one_cm":71452,"minecraft:drop":1,"minecraft:damage_dealt":1513,"minecraft:swim_one_cm":3670,"minecraft:player_kills":1,"minecraft:fly_one_cm":47660,"minecraft:open_chest":2,"minecraft:crouch_one_cm":2499,"minecraft:play_time":21694,"minecraft:deaths":2,"minecraft:sneak_time":1271,"minecraft:walk_under_water_one_cm":376,"minecraft:jump":316,"minecraft:walk_on_water_one_cm":609,"minecraft:total_world_time":21694,"minecraft:fall_one_cm":9862},"minecraft:mined":{"minecraft:spruce_planks":4,"minecraft:red_bed":2,"minecraft:dandelion":1,"minecraft:crafting_table":1,"minecraft:chest":1,"minecraft:white_stained_glass_pane":2,"minecraft:spruce_stairs":2,"minecraft:yellow_stained_glass_pane":2,"minecraft:grass":6,"minecraft:oak_log":14,"minecraft:dirt":4,"minecraft:stripped_oak_log":13,"minecraft:stone":21},"minecraft:used":{"minecraft:stone_pickaxe":10,"minecraft:wooden_pickaxe":11,"minecraft:dirt":17,"minecraft:crafting_table":1,"minecraft:red_bed":2,"minecraft:white_bed":1,"minecraft:wooden_axe":27,"minecraft:apple":6,"minecraft:bread":4,"minecraft:stone_axe":39,"minecraft:stripped_oak_log":2,"minecraft:dandelion":1},"minecraft:killed":{"minecraft:pig":1,"grimoireofgaia:minotaurus":1,"minecraft:sheep":4,"minecraft:cow":4},"minecraft:crafted":{"minecraft:oak_planks":24,"minecraft:crafting_table":1,"minecraft:wooden_pickaxe":1,"minecraft:stick":12,"minecraft:wooden_axe":1,"minecraft:white_bed":1},"minecraft:picked_up":{"minecraft:wooden_axe":3,"minecraft:stripped_oak_log":16,"minecraft:birch_log":9,"minecraft:crafting_table":3,"minecraft:feather":2,"minecraft:leather":9,"minecraft:wooden_pickaxe":5,"minecraft:potato":20,"minecraft:birch_planks":3,"minecraft:oak_log":27,"minecraft:dirt":27,"minecraft:red_bed":2,"minecraft:apple":20,"minecraft:wheat_seeds":2,"minecraft:spruce_planks":4,"minecraft:beef":24,"minecraft:stone_pickaxe":1,"immersive_armors:wooden_leggings":1,"minecraft:iron_nugget":1,"minecraft:chest":1,"minecraft:oak_planks":73,"minecraft:book":5,"minecraft:stick":16,"minecraft:dandelion":1,"minecraft:spruce_stairs":2,"minecraft:porkchop":6,"minecraft:white_bed":1,"alexsmobs:animal_dictionary":4,"immersive_armors:wooden_helmet":1,"minecraft:stone_axe":1,"minecraft:gray_wool":1,"minecraft:bread":5,"minecraft:mutton":10,"immersive_armors:wooden_boots":1,"minecraft:white_wool":4,"minecraft:cobblestone":54},"minecraft:killed_by":{"grimoireofgaia:minotaurus":2},"minecraft:dropped":{"minecraft:wheat_seeds":1}},"DataVersion":3465}