{"stats":{"minecraft:custom":{"minecraft:time_since_rest":0,"minecraft:sprint_one_cm":23717,"minecraft:damage_taken":140,"minecraft:walk_one_cm":27804,"minecraft:mob_kills":9,"minecraft:drop":1,"minecraft:damage_dealt":915,"minecraft:interact_with_crafting_table":2,"minecraft:fly_one_cm":32846,"minecraft:player_kills":1,"minecraft:open_barrel":5,"minecraft:open_chest":1,"minecraft:crouch_one_cm":236,"minecraft:play_time":9694,"minecraft:sneak_time":379,"minecraft:jump":140,"minecraft:walk_on_water_one_cm":61,"minecraft:time_since_death":9694,"minecraft:sleep_in_bed":3,"minecraft:total_world_time":9694,"minecraft:fall_one_cm":7039},"minecraft:mined":{"minecraft:red_bed":1,"minecraft:dandelion":1,"minecraft:crafting_table":1,"minecraft:grass":5,"minecraft:oak_log":12,"minecraft:chest":1,"minecraft:stone":11},"minecraft:crafted":{"minecraft:oak_planks":24,"minecraft:crafting_table":1,"minecraft:stick":12,"minecraft:wooden_pickaxe":1,"minecraft:wooden_axe":1,"minecraft:white_bed":1},"minecraft:used":{"minecraft:wooden_axe":27,"minecraft:bread":3,"minecraft:wooden_pickaxe":11,"minecraft:dirt":1,"minecraft:crafting_table":1,"minecraft:red_bed":1,"minecraft:white_bed":1,"minecraft:dandelion":1},"minecraft:killed":{"minecraft:sheep":4,"minecraft:pig":1,"minecraft:cow":4},"minecraft:picked_up":{"minecraft:book":1,"minecraft:birch_log":3,"minecraft:stick":3,"minecraft:crafting_table":1,"minecraft:leather":3,"minecraft:wooden_pickaxe":1,"minecraft:dandelion":1,"minecraft:potato":10,"minecraft:porkchop":2,"minecraft:oak_log":11,"minecraft:dirt":3,"minecraft:red_bed":1,"minecraft:wheat_seeds":1,"minecraft:beef":8,"minecraft:gray_wool":1,"minecraft:bread":3,"minecraft:chest":1,"minecraft:mutton":5,"minecraft:oak_planks":11,"minecraft:white_wool":3,"minecraft:cobblestone":10},"minecraft:dropped":{"minecraft:wheat_seeds":1}},"DataVersion":3465}