{"stats":{"minecraft:custom":{"minecraft:time_since_rest":19,"minecraft:interact_with_furnace":2,"minecraft:sprint_one_cm":39889,"minecraft:damage_taken":1924,"minecraft:walk_one_cm":53465,"minecraft:mob_kills":1,"minecraft:drop":4,"minecraft:damage_dealt":369,"minecraft:swim_one_cm":13732,"minecraft:interact_with_crafting_table":7,"minecraft:fly_one_cm":51103,"minecraft:open_barrel":7,"minecraft:open_chest":2,"minecraft:crouch_one_cm":102,"minecraft:play_time":20287,"minecraft:deaths":6,"minecraft:sneak_time":547,"minecraft:walk_under_water_one_cm":1623,"minecraft:jump":342,"minecraft:leave_game":1,"minecraft:time_since_death":0,"minecraft:walk_on_water_one_cm":1957,"minecraft:sleep_in_bed":2,"minecraft:climb_one_cm":3,"minecraft:total_world_time":20287,"minecraft:fall_one_cm":10346},"minecraft:mined":{"minecraft:white_bed":2,"minecraft:grass":4,"minecraft:spruce_fence":2,"minecraft:bookshelf":1,"minecraft:grass_block":2,"minecraft:oak_log":14,"minecraft:dirt":5,"minecraft:tall_grass":5,"minecraft:stone":8,"minecraft:oak_leaves":2},"minecraft:crafted":{"minecraft:oak_planks":40,"minecraft:stick":8,"minecraft:wooden_pickaxe":1,"minecraft:stone_pickaxe":1,"minecraft:wooden_axe":1},"minecraft:used":{"minecraft:wooden_axe":8,"minecraft:stone_pickaxe":5,"minecraft:wooden_pickaxe":3,"minecraft:dirt":4,"minecraft:mutton":1,"minecraft:white_bed":2},"minecraft:killed":{"minecraft:sheep":1},"minecraft:picked_up":{"minecraft:book":3,"minecraft:crafting_table":2,"minecraft:spruce_fence":2,"minecraft:birch_planks":3,"minecraft:oak_log":14,"minecraft:white_bed":3,"minecraft:dirt":5,"immersive_armors:wooden_helmet":1,"minecraft:apple":20,"minecraft:wheat_seeds":1,"minecraft:gold_nugget":1,"minecraft:mutton":1,"immersive_armors:wooden_boots":1,"minecraft:white_wool":1,"minecraft:cobblestone":8},"minecraft:killed_by":{"iceandfire:ghost":2,"grimoireofgaia:minotaurus":3},"minecraft:dropped":{"minecraft:birch_planks":3,"minecraft:crafting_table":1}},"DataVersion":3465}