{"stats":{"minecraft:mined":{"minecraft:pumpkin":5,"minecraft:grass":4,"minecraft:oak_log":8,"minecraft:grass_block":5,"minecraft:coal_ore":46,"minecraft:dirt":5,"minecraft:copper_ore":9,"minecraft:stone":13,"minecraft:oak_leaves":5},"minecraft:crafted":{"minecraft:oak_planks":12,"minecraft:stick":8,"minecraft:wooden_pickaxe":1,"minecraft:iron_ingot":1,"minecraft:baked_potato":1,"minecraft:stone_pickaxe":1,"minecraft:stone_sword":1,"minecraft:furnace":1,"minecraft:torch":12},"minecraft:picked_up":{"minecraft:pumpkin":5,"minecraft:wooden_pickaxe":1,"minecraft:flint":1,"minecraft:oak_log":7,"minecraft:dirt":10,"minecraft:raw_copper":38,"minecraft:rotten_flesh":2,"minecraft:coal":46,"minecraft:cobblestone":15},"minecraft:custom":{"minecraft:time_since_rest":2842,"minecraft:interact_with_furnace":4,"minecraft:sprint_one_cm":41442,"minecraft:damage_taken":205,"minecraft:walk_one_cm":78252,"minecraft:mob_kills":1,"minecraft:damage_dealt":159,"minecraft:interact_with_crafting_table":6,"minecraft:fly_one_cm":26146,"minecraft:open_chest":3,"minecraft:crouch_one_cm":364,"minecraft:play_time":27297,"minecraft:sneak_time":435,"minecraft:jump":409,"minecraft:time_since_death":27297,"minecraft:sleep_in_bed":2,"minecraft:total_world_time":27297,"minecraft:fall_one_cm":4383},"minecraft:used":{"minecraft:stone_pickaxe":67,"minecraft:baked_potato":1,"minecraft:wooden_pickaxe":4,"minecraft:torch":9,"minecraft:dirt":10,"minecraft:furnace":1,"minecraft:pumpkin":3},"minecraft:killed":{"alexsmobs:fly":1}},"DataVersion":3465}