{"stats":{"minecraft:mined":{"minecraft:pumpkin":5,"minecraft:grass":91,"minecraft:oak_log":14,"minecraft:grass_block":5,"minecraft:coal_ore":46,"minecraft:dirt":5,"minecraft:copper_ore":9,"minecraft:stone":13,"minecraft:oak_planks":2,"minecraft:oak_leaves":8},"minecraft:crafted":{"minecraft:oak_door":6,"minecraft:oak_planks":52,"minecraft:stick":12,"iceandfire:armor_copper_metal_chestplate":1,"minecraft:wooden_pickaxe":1,"minecraft:iron_ingot":1,"minecraft:baked_potato":1,"minecraft:stone_pickaxe":1,"minecraft:stone_sword":1,"minecraft:furnace":1,"iceandfire:armor_copper_metal_leggings":1,"minecraft:copper_ingot":38,"minecraft:torch":12,"iceandfire:armor_copper_metal_helmet":1,"iceandfire:armor_copper_metal_boots":1},"minecraft:picked_up":{"minecraft:pumpkin":5,"minecraft:leather":2,"minecraft:wooden_pickaxe":1,"minecraft:flint":1,"minecraft:oak_log":13,"minecraft:dirt":10,"minecraft:raw_copper":38,"minecraft:rotten_flesh":2,"minecraft:wheat_seeds":9,"minecraft:beef":2,"minecraft:oak_planks":2,"minecraft:coal":46,"minecraft:cobblestone":15},"minecraft:custom":{"minecraft:time_since_rest":1613,"minecraft:interact_with_furnace":7,"minecraft:sprint_one_cm":48054,"minecraft:damage_taken":205,"minecraft:walk_one_cm":145892,"minecraft:mob_kills":2,"minecraft:drop":1,"minecraft:damage_dealt":259,"minecraft:interact_with_crafting_table":10,"minecraft:fly_one_cm":26146,"minecraft:open_chest":15,"minecraft:crouch_one_cm":524,"minecraft:play_time":39297,"minecraft:sneak_time":566,"minecraft:jump":436,"minecraft:time_since_death":39297,"minecraft:sleep_in_bed":3,"minecraft:total_world_time":39297,"minecraft:fall_one_cm":4592},"minecraft:dropped":{"minecraft:wheat_seeds":1},"minecraft:used":{"minecraft:wheat_seeds":6,"minecraft:stone_sword":2,"minecraft:stone_pickaxe":67,"minecraft:oak_planks":11,"minecraft:baked_potato":1,"minecraft:wooden_pickaxe":4,"minecraft:oak_door":1,"minecraft:torch":9,"minecraft:dirt":10,"minecraft:furnace":1,"minecraft:pumpkin":5},"minecraft:killed":{"alexsmobs:fly":1,"minecraft:cow":1}},"DataVersion":3465}