{"stats":{"minecraft:custom":{"minecraft:time_since_rest":414,"minecraft:sprint_one_cm":17194,"minecraft:interact_with_furnace":2,"minecraft:damage_taken":424,"minecraft:walk_one_cm":28810,"minecraft:mob_kills":1,"minecraft:drop":4,"minecraft:damage_dealt":126,"minecraft:interact_with_crafting_table":5,"minecraft:fly_one_cm":30104,"minecraft:open_barrel":7,"minecraft:open_chest":1,"minecraft:crouch_one_cm":102,"minecraft:play_time":11945,"minecraft:deaths":1,"minecraft:sneak_time":547,"minecraft:walk_under_water_one_cm":230,"minecraft:jump":123,"minecraft:leave_game":1,"minecraft:walk_on_water_one_cm":40,"minecraft:time_since_death":386,"minecraft:sleep_in_bed":2,"minecraft:total_world_time":11945,"minecraft:fall_one_cm":8138},"minecraft:mined":{"minecraft:white_bed":2,"minecraft:grass":3,"minecraft:bookshelf":1,"minecraft:grass_block":1,"minecraft:oak_log":14,"minecraft:dirt":1,"minecraft:tall_grass":2,"minecraft:stone":8,"minecraft:oak_leaves":2},"minecraft:crafted":{"minecraft:oak_planks":40,"minecraft:stick":8,"minecraft:wooden_pickaxe":1,"minecraft:stone_pickaxe":1,"minecraft:wooden_axe":1},"minecraft:used":{"minecraft:wooden_axe":8,"minecraft:stone_pickaxe":5,"minecraft:wooden_pickaxe":3,"minecraft:mutton":1,"minecraft:white_bed":2},"minecraft:killed":{"minecraft:sheep":1},"minecraft:picked_up":{"minecraft:book":3,"minecraft:crafting_table":2,"minecraft:birch_planks":3,"minecraft:oak_log":14,"minecraft:white_bed":3,"minecraft:dirt":1,"immersive_armors:wooden_helmet":1,"minecraft:apple":20,"minecraft:wheat_seeds":1,"minecraft:mutton":1,"immersive_armors:wooden_boots":1,"minecraft:white_wool":1,"minecraft:cobblestone":8},"minecraft:killed_by":{"grimoireofgaia:minotaurus":1},"minecraft:dropped":{"minecraft:birch_planks":3,"minecraft:crafting_table":1}},"DataVersion":3465}