{"stats":{"minecraft:mined":{"minecraft:coal_ore":19,"minecraft:grass_block":3,"minecraft:oak_log":8,"minecraft:stone":7,"minecraft:oak_leaves":5},"minecraft:crafted":{"minecraft:stone_sword":1,"minecraft:oak_planks":12,"minecraft:torch":12,"minecraft:stick":8,"minecraft:stone_pickaxe":1,"minecraft:wooden_pickaxe":1},"minecraft:picked_up":{"minecraft:wooden_pickaxe":1,"minecraft:flint":1,"minecraft:oak_log":7,"minecraft:coal":19,"minecraft:dirt":3,"minecraft:cobblestone":9},"minecraft:custom":{"minecraft:time_since_rest":3801,"minecraft:open_chest":2,"minecraft:crouch_one_cm":303,"minecraft:play_time":15297,"minecraft:sprint_one_cm":37990,"minecraft:damage_taken":95,"minecraft:walk_one_cm":30479,"minecraft:sneak_time":427,"minecraft:jump":118,"minecraft:damage_dealt":139,"minecraft:time_since_death":15297,"minecraft:sleep_in_bed":1,"minecraft:total_world_time":15297,"minecraft:interact_with_crafting_table":3,"minecraft:fall_one_cm":1604,"minecraft:fly_one_cm":20265},"minecraft:used":{"minecraft:torch":7,"minecraft:stone_pickaxe":25,"minecraft:wooden_pickaxe":4}},"DataVersion":3465}