{"stats":{"minecraft:mined":{"minecraft:grass_block":5,"minecraft:copper_ore":9,"minecraft:tall_grass":5,"minecraft:oak_planks":2,"minecraft:wall_torch":1,"minecraft:pumpkin":5,"minecraft:grass":103,"minecraft:coal_ore":46,"minecraft:oak_log":14,"minecraft:dirt":6,"minecraft:stone":89,"minecraft:oak_leaves":8},"minecraft:crafted":{"minecraft:cooked_beef":2,"minecraft:oak_door":6,"minecraft:oak_planks":52,"minecraft:crafting_table":1,"minecraft:wooden_pickaxe":1,"minecraft:baked_potato":1,"spartanshields:wooden_tower_shield":1,"minecraft:furnace":1,"iceandfire:armor_copper_metal_leggings":1,"minecraft:copper_ingot":38,"iceandfire:armor_copper_metal_boots":1,"iceandfire:armor_copper_metal_helmet":1,"minecraft:stick":12,"spartanshields:copper_tower_shield":1,"minecraft:iron_ingot":1,"minecraft:stone_pickaxe":2,"iceandfire:armor_copper_metal_chestplate":1,"minecraft:stone_sword":1,"minecraft:torch":12},"minecraft:picked_up":{"minecraft:feather":2,"minecraft:leather":2,"minecraft:wooden_pickaxe":1,"iceandfire:armor_copper_metal_chestplate":1,"minecraft:flint":1,"minecraft:oak_log":13,"iceandfire:armor_copper_metal_helmet":1,"minecraft:dirt":10,"minecraft:string":2,"minecraft:raw_copper":38,"minecraft:bone":1,"minecraft:bow":1,"minecraft:wheat_seeds":10,"minecraft:beef":2,"minecraft:glass_bottle":2,"minecraft:oak_planks":2,"minecraft:egg":1,"minecraft:pumpkin":5,"iceandfire:armor_copper_metal_leggings":1,"minecraft:torch":1,"minecraft:dandelion":1,"iceandfire:armor_copper_metal_boots":1,"minecraft:arrow":2,"minecraft:stone_sword":1,"minecraft:rotten_flesh":2,"spartanshields:copper_tower_shield":1,"minecraft:oak_sapling":4,"minecraft:coal":46,"minecraft:cobblestone":157},"minecraft:custom":{"minecraft:interact_with_furnace":9,"minecraft:mob_kills":3,"minecraft:interact_with_crafting_table":12,"minecraft:time_since_death":1664,"minecraft:sleep_in_bed":3,"minecraft:time_since_rest":1694,"minecraft:sprint_one_cm":83948,"minecraft:damage_taken":637,"minecraft:walk_one_cm":205774,"minecraft:drop":1,"minecraft:damage_dealt":339,"minecraft:fly_one_cm":37454,"minecraft:open_chest":19,"minecraft:crouch_one_cm":524,"minecraft:play_time":51297,"minecraft:deaths":2,"minecraft:sneak_time":566,"minecraft:jump":552,"minecraft:total_world_time":51297,"minecraft:fall_one_cm":7992},"minecraft:dropped":{"minecraft:wheat_seeds":1},"minecraft:killed_by":{"minecraft:creeper":1,"grimoireofgaia:werecat":1},"minecraft:used":{"minecraft:wheat_seeds":7,"minecraft:stone_sword":8,"minecraft:stone_pickaxe":156,"minecraft:baked_potato":1,"minecraft:oak_planks":11,"minecraft:wooden_pickaxe":4,"minecraft:oak_door":1,"minecraft:torch":12,"minecraft:dirt":10,"minecraft:crafting_table":1,"minecraft:furnace":1,"minecraft:cooked_beef":2,"minecraft:pumpkin":5},"minecraft:killed":{"alexsmobs:fly":1,"alexsmobs:crow":1,"minecraft:cow":1},"minecraft:broken":{"minecraft:stone_pickaxe":1}},"DataVersion":3465}