{"stats":{"minecraft:dropped":{"alexsmobs:animal_dictionary":1,"minecraft:white_banner":2,"minecraft:arrow":1},"minecraft:picked_up":{"minecraft:book":1,"minecraft:feather":1,"grimoireofgaia:meat":8,"illagerinvasion:platinum_chunk":8,"minecraft:villager_spawn_egg":1,"minecraft:shield":1,"minecraft:white_bed":1,"minecraft:grass_block":1,"minecraft:redstone":2,"minecraft:spider_eye":1,"minecraft:paper":4,"minecraft:white_banner":9,"minecraft:iron_leggings":1,"minecraft:arrow":13,"minecraft:rotten_flesh":4,"minecraft:bell":1,"minecraft:crossbow":1,"minecraft:emerald":38,"minecraft:iron_nugget":59,"cataclysm:the_incinerator":1,"minecraft:glass_bottle":2,"minecraft:glowstone_dust":1},"minecraft:used":{"minecraft:villager_spawn_egg":10,"minecraft:grass_block":225,"minecraft:zombie_spawn_egg":16,"minecraft:bell":1,"minecraft:torch":2,"minecraft:white_bed":2},"minecraft:custom":{"minecraft:time_since_rest":9320,"minecraft:sprint_one_cm":32760,"minecraft:walk_one_cm":33367,"minecraft:mob_kills":212,"minecraft:drop":4,"minecraft:damage_dealt":61590,"minecraft:fly_one_cm":509737,"minecraft:raid_win":1,"minecraft:open_chest":1,"minecraft:crouch_one_cm":2725,"minecraft:play_time":22862,"minecraft:deaths":1,"minecraft:raid_trigger":2,"minecraft:sneak_time":1568,"minecraft:walk_under_water_one_cm":527,"minecraft:jump":258,"minecraft:time_since_death":9291,"minecraft:walk_on_water_one_cm":481,"minecraft:total_world_time":22862,"minecraft:fall_one_cm":2508},"minecraft:killed":{"illagerinvasion:inquisitor":4,"illagerinvasion:necromancer":5,"illagerinvasion:archivist":13,"minecraft:evoker":8,"minecraft:pillager":45,"rats:pied_piper":7,"minecraft:zombie":14,"minecraft:witch":8,"grimoireofgaia:satyress":3,"illagerinvasion:sorcerer":4,"illagerinvasion:provoker":12,"minecraft:vindicator":33,"minecraft:illusioner":3,"illagerinvasion:marauder":18,"minecraft:ravager":6,"illagerinvasion:alchemist":10,"illagerinvasion:basher":19}},"DataVersion":3465}