{"stats":{"minecraft:custom":{"minecraft:time_since_rest":0,"minecraft:sprint_one_cm":29023,"minecraft:damage_taken":273,"minecraft:walk_one_cm":43052,"minecraft:mob_kills":1,"minecraft:damage_dealt":314,"minecraft:interact_with_crafting_table":4,"minecraft:fly_one_cm":59612,"minecraft:open_barrel":7,"minecraft:open_chest":1,"minecraft:crouch_one_cm":321,"minecraft:play_time":16063,"minecraft:deaths":1,"minecraft:sneak_time":551,"minecraft:jump":265,"minecraft:time_since_death":2428,"minecraft:sleep_in_bed":2,"minecraft:total_world_time":16063,"minecraft:fall_one_cm":14829},"minecraft:mined":{"minecraft:white_bed":1,"minecraft:oak_sapling":1,"minecraft:birch_log":12,"minecraft:birch_leaves":2,"minecraft:crafting_table":1,"minecraft:grass":16,"minecraft:grass_block":3,"minecraft:oak_log":5,"minecraft:dirt":20,"minecraft:stripped_oak_log":3,"minecraft:tall_grass":1,"minecraft:stone":9,"minecraft:oak_leaves":1},"minecraft:killed":{"grimoireofgaia:harpy":1},"minecraft:used":{"minecraft:chest":1,"minecraft:wooden_pickaxe":9,"minecraft:stone_axe":20,"minecraft:dirt":1,"minecraft:crafting_table":2,"minecraft:oak_sapling":1,"minecraft:white_bed":1},"minecraft:crafted":{"minecraft:crafting_table":1,"minecraft:stick":4,"minecraft:wooden_pickaxe":1,"minecraft:chest":1,"immersive_armors:wooden_leggings":1,"minecraft:birch_planks":20,"minecraft:stone_axe":1},"minecraft:picked_up":{"minecraft:stripped_oak_log":3,"minecraft:birch_log":9,"minecraft:crafting_table":2,"minecraft:feather":2,"minecraft:wooden_pickaxe":1,"minecraft:birch_planks":3,"minecraft:oak_log":6,"minecraft:white_bed":1,"alexsmobs:animal_dictionary":2,"minecraft:dirt":30,"minecraft:stone_axe":1,"minecraft:wheat_seeds":2,"immersive_armors:wooden_leggings":1,"minecraft:iron_nugget":1,"minecraft:oak_sapling":3,"minecraft:cobblestone":13},"minecraft:killed_by":{"minecraft:player":1}},"DataVersion":3465}