{"stats":{"minecraft:mined":{"iceandfire:silver_ore":8,"minecraft:dandelion":1,"minecraft:crafting_table":2,"minecraft:grass_block":1,"minecraft:tall_grass":11,"minecraft:cobblestone":4,"minecraft:oak_planks":3,"minecraft:diorite":17,"minecraft:iron_ore":5,"minecraft:fire":3,"minecraft:grass":27,"minecraft:oak_log":15,"minecraft:coal_ore":27,"minecraft:dirt":11,"minecraft:stone":82,"minecraft:oak_leaves":3},"minecraft:crafted":{"minecraft:oak_planks":48,"minecraft:crafting_table":2,"minecraft:wooden_pickaxe":1,"spartanshields:stone_basic_shield":1,"minecraft:stone_axe":2,"minecraft:oak_boat":2,"minecraft:stick":28,"minecraft:stone_pickaxe":2,"minecraft:stone_sword":1,"spartanshields:wooden_basic_shield":1,"minecraft:torch":72},"minecraft:custom":{"spartanshields:shield_bash_hits":1,"minecraft:mob_kills":23,"minecraft:interact_with_crafting_table":8,"minecraft:leave_game":1,"minecraft:time_since_death":14731,"minecraft:sleep_in_bed":3,"minecraft:time_since_rest":13613,"minecraft:sprint_one_cm":149287,"minecraft:damage_taken":3270,"minecraft:walk_one_cm":199310,"minecraft:damage_blocked_by_shield":1980,"minecraft:drop":31,"minecraft:damage_dealt":11371,"minecraft:fly_one_cm":232315,"minecraft:open_chest":2,"minecraft:crouch_one_cm":2714,"minecraft:deaths":9,"minecraft:play_time":51495,"minecraft:sneak_time":777,"minecraft:jump":1192,"minecraft:walk_on_water_one_cm":1055,"minecraft:total_world_time":51495,"minecraft:fall_one_cm":21319},"minecraft:picked_up":{"minecraft:crafting_table":2,"minecraft:feather":1,"minecraft:leather":6,"iceandfire:armor_copper_metal_chestplate":1,"minecraft:wooden_pickaxe":3,"alexsmobs:bear_fur":1,"minecraft:potion":3,"minecraft:oak_log":23,"minecraft:chainmail_chestplate":1,"iceandfire:armor_copper_metal_helmet":1,"minecraft:string":2,"minecraft:dirt":109,"minecraft:iron_leggings":1,"minecraft:bone":1,"minecraft:bow":1,"minecraft:wheat_seeds":5,"minecraft:stone_pickaxe":9,"minecraft:iron_ingot":1,"minecraft:iron_nugget":25,"minecraft:glass_bottle":1,"minecraft:oak_planks":35,"minecraft:egg":1,"minecraft:raw_iron":5,"minecraft:stick":20,"grimoireofgaia:meat":7,"iceandfire:armor_copper_metal_leggings":2,"minecraft:torch":1,"minecraft:dandelion":4,"minecraft:gravel":5,"minecraft:diorite":17,"iceandfire:armor_copper_metal_boots":1,"grimoireofgaia:box_iron":2,"spartanshields:stone_basic_shield":3,"alexsmobs:animal_dictionary":2,"minecraft:stone_sword":7,"minecraft:arrow":2,"minecraft:rotten_flesh":3,"minecraft:stone_axe":9,"spartanshields:copper_tower_shield":1,"minecraft:oak_sapling":6,"minecraft:coal":31,"iceandfire:raw_silver":8,"minecraft:cobblestone":310},"minecraft:dropped":{"minecraft:stone_sword":2,"minecraft:glass_bottle":2,"iceandfire:armor_copper_metal_chestplate":1,"minecraft:feather":1,"minecraft:cobblestone":66,"grimoireofgaia:box_iron":1,"iceandfire:armor_copper_metal_helmet":1,"minecraft:stick":1,"minecraft:oak_sapling":4,"spartanshields:copper_tower_shield":1,"iceandfire:armor_copper_metal_boots":1,"minecraft:bow":1,"minecraft:arrow":2,"iceandfire:armor_copper_metal_leggings":2,"minecraft:string":2,"minecraft:bone":1,"minecraft:dandelion":4},"minecraft:killed_by":{"grimoireofgaia:satyress":1,"minecraft:zombie":1,"alexsmobs:grizzly_bear":3,"grimoireofgaia:mimic":4},"minecraft:used":{"minecraft:stone_sword":5,"minecraft:stone_pickaxe":147,"minecraft:oak_planks":3,"minecraft:wooden_pickaxe":11,"minecraft:rotten_flesh":3,"minecraft:torch":43,"minecraft:dirt":16,"minecraft:crafting_table":2,"spartanshields:stone_basic_shield":26,"minecraft:stone_axe":156,"minecraft:cobblestone":10,"minecraft:potion":2,"minecraft:oak_sapling":2,"grimoireofgaia:meat":7,"minecraft:oak_boat":2,"minecraft:egg":1,"minecraft:iron_leggings":1},"minecraft:killed":{"grimoireofgaia:satyress":9,"alexsmobs:grizzly_bear":2,"minecraft:zombie_villager":1,"minecraft:spider":1,"grimoireofgaia:centaur":3,"minecraft:skeleton":1,"minecraft:zombie":3,"grimoireofgaia:harpy":1,"alexsmobs:fly":1,"grimoireofgaia:werecat":1},"minecraft:broken":{"minecraft:stone_pickaxe":1,"spartanshields:stone_basic_shield":1,"minecraft:stone_axe":1}},"DataVersion":3465}