{"stats":{"minecraft:crafted":{"minecraft:oak_planks":44,"minecraft:crafting_table":3,"minecraft:stick":28,"minecraft:wooden_pickaxe":1,"minecraft:stone_pickaxe":2,"minecraft:stone_sword":1,"spartanshields:wooden_basic_shield":1,"spartanshields:stone_basic_shield":1,"minecraft:torch":64,"minecraft:stone_axe":1},"minecraft:mined":{"iceandfire:silver_ore":3,"minecraft:iron_ore":37,"minecraft:torch":1,"minecraft:grass":13,"minecraft:pointed_dripstone":38,"minecraft:oak_log":11,"minecraft:grass_block":6,"minecraft:coal_ore":50,"minecraft:dirt":17,"minecraft:copper_ore":4,"minecraft:tall_grass":16,"minecraft:stone":137,"minecraft:wall_torch":1},"minecraft:used":{"minecraft:stone_sword":11,"spartanshields:stone_basic_shield":1,"minecraft:stone_pickaxe":208,"minecraft:wooden_pickaxe":69,"minecraft:rotten_flesh":3,"minecraft:torch":62,"minecraft:dirt":10,"minecraft:cobblestone":1,"minecraft:crafting_table":3},"minecraft:picked_up":{"minecraft:raw_iron":37,"minecraft:torch":42,"minecraft:wooden_pickaxe":6,"minecraft:oak_log":33,"minecraft:pointed_dripstone":70,"spartanshields:stone_basic_shield":1,"minecraft:dirt":69,"alexsmobs:animal_dictionary":5,"minecraft:bone":1,"minecraft:raw_copper":26,"minecraft:stone_sword":1,"minecraft:arrow":2,"minecraft:rotten_flesh":5,"minecraft:stone_axe":1,"minecraft:wheat_seeds":4,"minecraft:stone_pickaxe":1,"minecraft:oak_planks":38,"minecraft:coal":72,"iceandfire:raw_silver":3,"minecraft:cobblestone":268},"minecraft:custom":{"minecraft:time_since_rest":9257,"minecraft:sprint_one_cm":73154,"minecraft:interact_with_furnace":2,"minecraft:damage_taken":2188,"minecraft:walk_one_cm":95837,"minecraft:damage_blocked_by_shield":60,"minecraft:mob_kills":4,"minecraft:drop":5,"minecraft:damage_dealt":1010,"minecraft:interact_with_crafting_table":6,"minecraft:fly_one_cm":91573,"minecraft:crouch_one_cm":2243,"minecraft:play_time":36586,"minecraft:deaths":6,"minecraft:sneak_time":1328,"minecraft:jump":648,"minecraft:leave_game":4,"minecraft:time_since_death":9228,"minecraft:total_world_time":36586,"minecraft:fall_one_cm":20485},"minecraft:dropped":{"minecraft:dirt":1,"minecraft:wheat_seeds":4},"minecraft:killed_by":{"minecraft:skeleton":1,"grimoireofgaia:minotaur":5},"minecraft:killed":{"minecraft:skeleton":1,"minecraft:zombie":3},"minecraft:broken":{"minecraft:stone_pickaxe":1}},"DataVersion":3465}