{"stats":{"minecraft:custom":{"minecraft:time_since_rest":1133,"minecraft:sprint_one_cm":52925,"minecraft:damage_taken":1444,"minecraft:walk_one_cm":72382,"minecraft:trigger_trapped_chest":4,"minecraft:mob_kills":2,"minecraft:damage_dealt":1274,"minecraft:swim_one_cm":14237,"minecraft:interact_with_crafting_table":4,"minecraft:fly_one_cm":99835,"minecraft:open_barrel":14,"minecraft:open_chest":2,"minecraft:crouch_one_cm":593,"minecraft:play_time":28063,"minecraft:deaths":5,"minecraft:sneak_time":703,"minecraft:walk_under_water_one_cm":3566,"minecraft:jump":533,"minecraft:walk_on_water_one_cm":3978,"minecraft:time_since_death":1107,"minecraft:sleep_in_bed":2,"minecraft:total_world_time":28063,"minecraft:fall_one_cm":18161},"minecraft:mined":{"minecraft:seagrass":1,"minecraft:tall_seagrass":1,"minecraft:gray_wool":2,"minecraft:white_bed":1,"minecraft:oak_sapling":1,"minecraft:birch_log":12,"minecraft:birch_leaves":2,"minecraft:crafting_table":1,"minecraft:grass":20,"minecraft:grass_block":3,"minecraft:oak_log":9,"minecraft:vine":1,"minecraft:sand":3,"minecraft:dirt":23,"minecraft:stripped_oak_log":3,"minecraft:tall_grass":1,"minecraft:stone":9,"minecraft:oak_leaves":4},"minecraft:crafted":{"minecraft:crafting_table":1,"minecraft:stick":4,"minecraft:wooden_pickaxe":1,"minecraft:chest":1,"immersive_armors:wooden_leggings":1,"minecraft:birch_planks":20,"minecraft:stone_axe":1},"minecraft:killed":{"iceandfire:ghost":1,"grimoireofgaia:harpy":1},"minecraft:used":{"minecraft:wooden_axe":13,"minecraft:chest":2,"minecraft:wooden_pickaxe":9,"minecraft:stone_axe":23,"minecraft:dirt":5,"minecraft:crafting_table":2,"minecraft:oak_sapling":1,"minecraft:white_bed":1,"immersive_armors:wooden_leggings":1,"minecraft:gray_wool":2},"minecraft:broken":{"minecraft:wooden_axe":1},"minecraft:picked_up":{"minecraft:stripped_oak_log":3,"minecraft:birch_log":9,"minecraft:stick":19,"minecraft:crafting_table":2,"minecraft:feather":2,"minecraft:wooden_pickaxe":5,"minecraft:birch_planks":3,"minecraft:sand":9,"minecraft:oak_log":18,"minecraft:white_bed":1,"alexsmobs:animal_dictionary":3,"minecraft:dirt":34,"minecraft:apple":2,"minecraft:stone_axe":1,"minecraft:wheat_seeds":5,"immersive_armors:wooden_leggings":1,"minecraft:gray_wool":5,"minecraft:iron_nugget":1,"minecraft:oak_sapling":10,"minecraft:chest":1,"minecraft:cobblestone":13,"minecraft:wooden_axe":2},"minecraft:killed_by":{"iceandfire:ghost":2,"minecraft:player":1,"grimoireofgaia:minotaurus":2}},"DataVersion":3465}