{"stats":{"minecraft:crafted":{"minecraft:oak_planks":20,"minecraft:crafting_table":1,"minecraft:stick":4,"minecraft:stone_pickaxe":1,"minecraft:wooden_pickaxe":1},"minecraft:used":{"minecraft:crafting_table":1,"minecraft:wooden_pickaxe":12},"minecraft:mined":{"minecraft:grass":8,"minecraft:grass_block":5,"minecraft:oak_log":5,"minecraft:dirt":13,"minecraft:tall_grass":1,"minecraft:stone":12},"minecraft:picked_up":{"minecraft:wheat_seeds":2,"minecraft:oak_log":5,"minecraft:dirt":18,"minecraft:cobblestone":12},"minecraft:custom":{"minecraft:time_since_rest":12586,"minecraft:play_time":12586,"minecraft:crouch_one_cm":139,"minecraft:sprint_one_cm":20637,"minecraft:damage_taken":48,"minecraft:walk_one_cm":22273,"minecraft:sneak_time":170,"minecraft:drop":2,"minecraft:jump":279,"minecraft:leave_game":4,"minecraft:time_since_death":12586,"minecraft:total_world_time":12586,"minecraft:interact_with_crafting_table":2,"minecraft:fall_one_cm":9132,"minecraft:fly_one_cm":41323},"minecraft:dropped":{"minecraft:dirt":1,"minecraft:wheat_seeds":1}},"DataVersion":3465}