{"stats":{"minecraft:mined":{"minecraft:fire":3,"minecraft:grass":3,"minecraft:oak_log":2,"minecraft:tall_grass":8,"minecraft:stone":24,"minecraft:oak_leaves":1},"minecraft:crafted":{"minecraft:oak_planks":12,"minecraft:crafting_table":1,"minecraft:stick":8,"minecraft:wooden_pickaxe":1,"minecraft:stone_pickaxe":1,"minecraft:stone_sword":1,"minecraft:stone_axe":1},"minecraft:picked_up":{"minecraft:stick":5,"grimoireofgaia:meat":2,"minecraft:wooden_pickaxe":2,"minecraft:gravel":3,"minecraft:oak_log":3,"alexsmobs:animal_dictionary":2,"minecraft:dirt":36,"minecraft:stone_sword":2,"minecraft:rotten_flesh":1,"minecraft:stone_axe":3,"minecraft:wheat_seeds":1,"minecraft:stone_pickaxe":2,"minecraft:oak_sapling":2,"minecraft:oak_planks":1,"minecraft:cobblestone":68},"minecraft:custom":{"minecraft:time_since_rest":817,"minecraft:sprint_one_cm":40295,"minecraft:damage_taken":935,"minecraft:walk_one_cm":36769,"minecraft:mob_kills":2,"minecraft:damage_dealt":664,"minecraft:interact_with_crafting_table":4,"minecraft:fly_one_cm":64421,"minecraft:open_chest":2,"minecraft:crouch_one_cm":730,"minecraft:play_time":15495,"minecraft:deaths":3,"minecraft:sneak_time":137,"minecraft:jump":260,"minecraft:leave_game":1,"minecraft:time_since_death":792,"minecraft:sleep_in_bed":1,"minecraft:total_world_time":15495,"minecraft:fall_one_cm":4925},"minecraft:killed_by":{"alexsmobs:grizzly_bear":3},"minecraft:used":{"minecraft:stone_pickaxe":21,"minecraft:wooden_pickaxe":11,"minecraft:rotten_flesh":1,"minecraft:stone_axe":8,"minecraft:crafting_table":1,"minecraft:oak_sapling":2,"grimoireofgaia:meat":2},"minecraft:killed":{"grimoireofgaia:satyress":1,"minecraft:zombie_villager":1}},"DataVersion":3465}