{"stats":{"minecraft:crafted":{"minecraft:oak_planks":28,"minecraft:crafting_table":1,"minecraft:stick":24,"minecraft:wooden_pickaxe":1,"minecraft:stone_pickaxe":1,"minecraft:stone_sword":1,"spartanshields:wooden_basic_shield":1,"spartanshields:stone_basic_shield":1,"minecraft:torch":64,"minecraft:stone_axe":1},"minecraft:mined":{"minecraft:grass":13,"minecraft:oak_log":11,"minecraft:grass_block":6,"minecraft:coal_ore":34,"minecraft:dirt":17,"minecraft:copper_ore":4,"minecraft:tall_grass":16,"minecraft:stone":83,"minecraft:wall_torch":1},"minecraft:used":{"minecraft:stone_pickaxe":116,"minecraft:wooden_pickaxe":12,"minecraft:torch":19,"minecraft:dirt":6,"minecraft:crafting_table":1},"minecraft:picked_up":{"minecraft:torch":1,"minecraft:wooden_pickaxe":4,"minecraft:oak_log":29,"minecraft:dirt":57,"alexsmobs:animal_dictionary":4,"minecraft:raw_copper":13,"minecraft:rotten_flesh":2,"minecraft:wheat_seeds":4,"minecraft:stone_pickaxe":1,"minecraft:oak_planks":33,"minecraft:coal":36,"minecraft:cobblestone":111},"minecraft:custom":{"minecraft:time_since_rest":8170,"minecraft:sprint_one_cm":50431,"minecraft:interact_with_furnace":2,"minecraft:damage_taken":1933,"minecraft:walk_one_cm":62377,"minecraft:drop":5,"minecraft:damage_dealt":300,"minecraft:interact_with_crafting_table":4,"minecraft:fly_one_cm":70777,"minecraft:crouch_one_cm":692,"minecraft:play_time":24586,"minecraft:deaths":5,"minecraft:sneak_time":367,"minecraft:jump":465,"minecraft:leave_game":4,"minecraft:time_since_death":8144,"minecraft:total_world_time":24586,"minecraft:fall_one_cm":13705},"minecraft:dropped":{"minecraft:dirt":1,"minecraft:wheat_seeds":4},"minecraft:killed_by":{"grimoireofgaia:minotaur":5}},"DataVersion":3465}