{"stats":{"minecraft:dropped":{"minecraft:shield":1,"minecraft:iron_nugget":61,"minecraft:gold_nugget":1,"minecraft:chainmail_boots":1,"minecraft:arrow":2,"minecraft:saddle":1},"minecraft:used":{"minecraft:villager_spawn_egg":9,"minecraft:grass_block":7,"minecraft:bell":2,"minecraft:torch":4,"minecraft:mossy_cobblestone":149,"minecraft:white_bed":8,"minecraft:coarse_dirt":66},"minecraft:custom":{"minecraft:time_since_rest":19724,"minecraft:sprint_one_cm":33439,"minecraft:walk_one_cm":44474,"minecraft:mob_kills":190,"minecraft:drop":8,"minecraft:damage_dealt":31677,"minecraft:raid_win":1,"minecraft:fly_one_cm":166442,"minecraft:crouch_one_cm":1884,"minecraft:raid_trigger":1,"minecraft:play_time":19724,"minecraft:sneak_time":633,"minecraft:jump":308,"minecraft:leave_game":1,"minecraft:time_since_death":19724,"minecraft:total_world_time":19724},"minecraft:picked_up":{"minecraft:book":10,"minecraft:lingering_potion":2,"grimoireofgaia:box_overworld":1,"minecraft:stick":2,"minecraft:chainmail_boots":2,"minecraft:feather":11,"illagerinvasion:platinum_chunk":21,"minecraft:leather":2,"minecraft:chainmail_chestplate":1,"minecraft:gunpowder":10,"minecraft:shield":3,"grimoireofgaia:box_iron":1,"minecraft:redstone":2,"minecraft:spider_eye":1,"minecraft:rotten_flesh":1,"minecraft:paper":7,"minecraft:zombie_head":1,"minecraft:white_banner":8,"minecraft:iron_axe":3,"minecraft:iron_hoe":4,"minecraft:iron_leggings":3,"minecraft:arrow":10,"minecraft:sugar":4,"illagerinvasion:platinum_infused_hatchet":1,"minecraft:gold_nugget":1,"minecraft:crossbow":2,"minecraft:iron_ingot":9,"minecraft:redstone_ore":5,"minecraft:iron_pickaxe":1,"minecraft:totem_of_undying":7,"minecraft:saddle":3,"minecraft:glowstone_dust":4,"minecraft:iron_nugget":95,"minecraft:emerald":57,"minecraft:poppy":1,"minecraft:glass_bottle":10,"minecraft:rabbit":1,"minecraft:iron_sword":1,"minecraft:lapis_ore":2,"minecraft:iron_boots":1},"minecraft:killed":{"illagerinvasion:necromancer":5,"illagerinvasion:archivist":12,"minecraft:evoker":8,"minecraft:pillager":37,"minecraft:zombie":1,"grimoireofgaia:valkyrie":2,"minecraft:witch":9,"illagerinvasion:sorcerer":4,"grimoireofgaia:gryphon":12,"illagerinvasion:provoker":10,"minecraft:illusioner":3,"minecraft:rabbit":1,"minecraft:vindicator":29,"minecraft:iron_golem":1,"alexsmobs:fly":3,"illagerinvasion:marauder":16,"illagerinvasion:alchemist":10,"minecraft:ravager":6,"illagerinvasion:basher":17,"illagerinvasion:inquisitor":4}},"DataVersion":3465}