{"stats":{"minecraft:used":{"minecraft:mossy_cobblestone":47,"minecraft:coarse_dirt":66,"minecraft:grass_block":7},"minecraft:custom":{"minecraft:jump":128,"minecraft:time_since_rest":5286,"minecraft:damage_dealt":140,"minecraft:crouch_one_cm":325,"minecraft:sprint_one_cm":6888,"minecraft:play_time":5286,"minecraft:time_since_death":5286,"minecraft:walk_one_cm":5837,"minecraft:sneak_time":117,"minecraft:total_world_time":5286,"minecraft:mob_kills":1,"minecraft:fly_one_cm":29246},"minecraft:killed":{"alexsmobs:fly":1}},"DataVersion":3465}