{"stats":{"minecraft:crafted":{"minecraft:oak_planks":68,"minecraft:crafting_table":3,"minecraft:wooden_pickaxe":2,"minecraft:iron_sword":1,"minecraft:furnace":13,"spartanshields:stone_basic_shield":1,"minecraft:stone_axe":1,"minecraft:air":0,"minecraft:iron_axe":1,"minecraft:stick":60,"minecraft:iron_pickaxe":1,"minecraft:iron_ingot":4,"minecraft:stone_pickaxe":2,"minecraft:chest":2,"minecraft:stone_sword":1,"spartanshields:wooden_basic_shield":1,"minecraft:torch":152},"minecraft:mined":{"iceandfire:silver_ore":3,"minecraft:crafting_table":3,"minecraft:torch":2,"minecraft:granite":1,"minecraft:grass_block":6,"minecraft:chest":1,"iceandfire:ghost_chest":1,"minecraft:tall_grass":23,"minecraft:copper_ore":4,"minecraft:wall_torch":2,"minecraft:chiseled_stone_bricks":1,"minecraft:furnace":6,"minecraft:iron_ore":53,"minecraft:grass":16,"minecraft:coal_ore":69,"minecraft:pointed_dripstone":40,"minecraft:oak_log":17,"minecraft:vine":1,"minecraft:iron_bars":4,"minecraft:dirt":22,"minecraft:stone":157},"minecraft:used":{"minecraft:stone_sword":18,"minecraft:stone_pickaxe":257,"minecraft:chest":3,"minecraft:wooden_pickaxe":69,"minecraft:iron_sword":42,"minecraft:rotten_flesh":13,"minecraft:cracked_stone_bricks":1,"minecraft:torch":80,"minecraft:dirt":16,"minecraft:crafting_table":6,"minecraft:granite":1,"minecraft:diamond_pickaxe":1,"minecraft:apple":3,"spartanshields:stone_basic_shield":26,"minecraft:iron_axe":19,"minecraft:bread":1,"minecraft:iron_pickaxe":19,"iceandfire:ghost_chest":1,"minecraft:chiseled_stone_bricks":1,"minecraft:stone_brick_stairs":1,"minecraft:stone_bricks":1,"minecraft:stone_axe":35,"minecraft:potion":1,"minecraft:cobblestone":8,"minecraft:furnace":6,"minecraft:cooked_rabbit":1,"minecraft:cooked_beef":5,"minecraft:chainmail_leggings":1,"minecraft:iron_leggings":2},"minecraft:picked_up":{"minecraft:iron_chestplate":2,"minecraft:crafting_table":4,"minecraft:feather":4,"minecraft:chainmail_boots":1,"minecraft:wooden_pickaxe":8,"minecraft:potato":6,"minecraft:stone_brick_stairs":1,"minecraft:chainmail_chestplate":2,"minecraft:oak_log":45,"iceandfire:ectoplasm":4,"minecraft:shield":1,"minecraft:string":10,"minecraft:dirt":96,"minecraft:iron_axe":2,"minecraft:raw_copper":52,"minecraft:iron_leggings":2,"minecraft:bone":16,"minecraft:apple":1,"minecraft:stone_bricks":1,"minecraft:cracked_stone_bricks":1,"minecraft:bow":1,"minecraft:wheat_seeds":4,"minecraft:gold_nugget":9,"minecraft:beef":8,"minecraft:iron_ingot":83,"minecraft:stone_pickaxe":1,"minecraft:iron_nugget":2,"minecraft:iron_pickaxe":2,"minecraft:chest":1,"minecraft:iron_sword":2,"minecraft:oak_planks":58,"minecraft:iron_boots":1,"minecraft:furnace":26,"minecraft:stick":7,"minecraft:raw_iron":61,"iceandfire:ghost_chest":1,"minecraft:chiseled_stone_bricks":1,"minecraft:copper_ingot":1,"minecraft:torch":208,"minecraft:porkchop":2,"minecraft:pointed_dripstone":213,"minecraft:mossy_cobblestone":1,"minecraft:spider_eye":1,"spartanshields:stone_basic_shield":2,"alexsmobs:animal_dictionary":7,"minecraft:stone_sword":3,"minecraft:arrow":10,"minecraft:rotten_flesh":30,"minecraft:stone_axe":3,"minecraft:granite":1,"minecraft:bread":1,"minecraft:gold_ingot":4,"minecraft:oak_sapling":6,"minecraft:iron_bars":6,"minecraft:coal":145,"minecraft:skeleton_skull":1,"iceandfire:raw_silver":9,"minecraft:cobblestone":349},"minecraft:custom":{"minecraft:interact_with_furnace":18,"minecraft:mob_kills":23,"minecraft:interact_with_cartography_table":1,"minecraft:interact_with_crafting_table":16,"minecraft:leave_game":4,"minecraft:time_since_death":13224,"minecraft:time_since_rest":13250,"minecraft:sprint_one_cm":242095,"minecraft:damage_taken":3591,"minecraft:walk_one_cm":199337,"minecraft:damage_blocked_by_shield":900,"minecraft:trigger_trapped_chest":2,"minecraft:drop":11,"minecraft:damage_dealt":7104,"minecraft:fly_one_cm":222086,"minecraft:open_chest":56,"minecraft:deaths":9,"minecraft:crouch_one_cm":4919,"minecraft:play_time":72586,"minecraft:sneak_time":3573,"minecraft:jump":1486,"minecraft:total_world_time":72586,"minecraft:fall_one_cm":36743},"minecraft:dropped":{"minecraft:wheat_seeds":4,"minecraft:glass_bottle":1,"minecraft:chainmail_chestplate":1,"minecraft:dirt":1,"minecraft:iron_chestplate":1,"minecraft:spider_eye":1,"minecraft:iron_axe":1,"minecraft:bone":6},"minecraft:killed_by":{"minecraft:skeleton":2,"alexsmobs:bison":1,"grimoireofgaia:werecat":1,"grimoireofgaia:minotaur":5},"minecraft:killed":{"minecraft:pig":1,"grimoireofgaia:minotaurus":1,"minecraft:skeleton":4,"minecraft:zombie":12,"iceandfire:ghost":3,"grimoireofgaia:harpy":1,"alexsmobs:bison":1},"minecraft:broken":{"minecraft:stone_pickaxe":2,"spartanshields:stone_basic_shield":1,"minecraft:leather_chestplate":1}},"DataVersion":3465}