{"stats":{"minecraft:crafted":{"minecraft:oak_planks":84,"minecraft:furnace":13,"minecraft:iron_axe":1,"minecraft:stone_pickaxe":2,"minecraft:chest":2,"minecraft:crafting_table":3,"minecraft:wooden_pickaxe":2,"minecraft:iron_sword":1,"spartanshields:stone_basic_shield":1,"minecraft:stone_axe":1,"minecraft:air":0,"minecraft:stick":88,"minecraft:iron_ingot":4,"minecraft:iron_pickaxe":1,"minecraft:stone_sword":1,"spartanshields:wooden_basic_shield":1,"minecraft:torch":204},"minecraft:mined":{"iceandfire:silver_ore":3,"minecraft:granite":1,"minecraft:grass_block":6,"minecraft:chiseled_stone_bricks":1,"minecraft:furnace":6,"minecraft:iron_ore":53,"minecraft:pointed_dripstone":40,"minecraft:vine":1,"minecraft:iron_bars":10,"minecraft:stone":157,"minecraft:crafting_table":3,"minecraft:torch":3,"iceandfire:ghost_chest":1,"minecraft:chest":1,"minecraft:copper_ore":4,"minecraft:tall_grass":27,"minecraft:oak_planks":2,"minecraft:wall_torch":2,"minecraft:pink_petals":2,"minecraft:lime_bed":3,"minecraft:tnt":5,"minecraft:grass":18,"minecraft:oak_log":21,"minecraft:coal_ore":69,"minecraft:dirt":22},"minecraft:used":{"minecraft:stone_sword":18,"minecraft:chest":3,"minecraft:shield":8,"minecraft:iron_sword":133,"minecraft:rotten_flesh":13,"minecraft:torch":106,"minecraft:dirt":16,"minecraft:chainmail_chestplate":1,"minecraft:granite":1,"minecraft:iron_axe":19,"iceandfire:ghost_chest":1,"minecraft:stone_brick_stairs":1,"minecraft:stone_bricks":1,"minecraft:furnace":6,"minecraft:cooked_beef":11,"minecraft:iron_leggings":3,"minecraft:stone_pickaxe":257,"minecraft:baked_potato":6,"minecraft:oak_planks":4,"minecraft:wooden_pickaxe":69,"minecraft:cauldron":2,"minecraft:cracked_stone_bricks":1,"minecraft:tnt":5,"minecraft:lime_bed":2,"minecraft:crafting_table":6,"minecraft:diamond_pickaxe":5,"minecraft:apple":3,"iceandfire:armor_copper_metal_chestplate":3,"spartanshields:stone_basic_shield":34,"minecraft:bread":1,"minecraft:iron_pickaxe":24,"minecraft:golden_helmet":1,"minecraft:pink_petals":3,"minecraft:stone_axe":42,"minecraft:chiseled_stone_bricks":1,"minecraft:cobblestone":8,"minecraft:potion":3,"minecraft:cooked_rabbit":1,"minecraft:chainmail_leggings":3},"minecraft:picked_up":{"minecraft:crafting_table":4,"minecraft:iron_chestplate":2,"minecraft:chainmail_boots":1,"iceandfire:witherbone":5,"iceandfire:armor_copper_metal_chestplate":2,"minecraft:wooden_pickaxe":8,"minecraft:enchanted_book":2,"minecraft:potion":2,"minecraft:stone_brick_stairs":1,"minecraft:brick":48,"minecraft:shield":5,"minecraft:string":56,"minecraft:raw_copper":52,"minecraft:iron_axe":2,"minecraft:iron_leggings":5,"minecraft:compass":2,"minecraft:iron_shovel":2,"minecraft:cracked_stone_bricks":1,"minecraft:gold_nugget":92,"minecraft:beef":8,"minecraft:iron_nugget":78,"minecraft:iron_pickaxe":8,"minecraft:chest":1,"minecraft:iron_boots":3,"minecraft:furnace":26,"minecraft:tipped_arrow":3,"minecraft:raw_iron":61,"minecraft:stick":45,"iceandfire:ghost_chest":1,"minecraft:copper_ingot":1,"minecraft:torch":264,"minecraft:porkchop":2,"minecraft:pointed_dripstone":213,"minecraft:redstone":2,"spartanshields:stone_basic_shield":4,"minecraft:tnt":19,"minecraft:stone_sword":3,"minecraft:arrow":41,"minecraft:rotten_flesh":99,"minecraft:gold_ingot":18,"minecraft:skeleton_skull":1,"minecraft:iron_bars":20,"minecraft:cobblestone":349,"minecraft:pink_petals":6,"minecraft:lime_bed":4,"minecraft:leather_chestplate":3,"minecraft:feather":4,"minecraft:potato":14,"minecraft:oak_log":49,"minecraft:chainmail_chestplate":2,"iceandfire:ectoplasm":4,"minecraft:golden_boots":2,"minecraft:gunpowder":1,"minecraft:dirt":96,"minecraft:bone":46,"minecraft:apple":1,"minecraft:stone_bricks":1,"minecraft:bow":7,"minecraft:wheat_seeds":4,"minecraft:iron_ingot":97,"minecraft:stone_pickaxe":2,"minecraft:glass_bottle":1,"minecraft:oak_planks":60,"minecraft:iron_sword":6,"minecraft:chiseled_stone_bricks":1,"alexsmobs:animal_dictionary":7,"minecraft:spider_eye":8,"minecraft:mossy_cobblestone":1,"minecraft:iron_hoe":1,"minecraft:stone_axe":5,"minecraft:chainmail_leggings":3,"minecraft:granite":1,"minecraft:chainmail_helmet":1,"minecraft:bread":1,"minecraft:baked_potato":8,"minecraft:oak_sapling":6,"minecraft:coal":145,"iceandfire:raw_silver":9,"minecraft:diamond_pickaxe":2},"minecraft:custom":{"minecraft:mob_kills":48,"minecraft:interact_with_crafting_table":16,"minecraft:leave_game":4,"minecraft:time_since_death":3396,"minecraft:climb_one_cm":766,"minecraft:sprint_one_cm":442965,"minecraft:walk_one_cm":285765,"minecraft:damage_blocked_by_shield":2310,"minecraft:drop":32,"minecraft:play_time":102586,"minecraft:deaths":20,"minecraft:sneak_time":4013,"minecraft:jump":2295,"minecraft:walk_on_water_one_cm":741,"minecraft:total_world_time":102586,"minecraft:interact_with_furnace":18,"minecraft:interact_with_cartography_table":1,"minecraft:time_since_rest":3421,"minecraft:damage_taken":7353,"minecraft:trigger_trapped_chest":2,"minecraft:damage_dealt":12702,"minecraft:fly_one_cm":380918,"minecraft:open_chest":83,"minecraft:crouch_one_cm":5051,"minecraft:fall_one_cm":46091},"minecraft:dropped":{"minecraft:wheat_seeds":4,"minecraft:glass_bottle":3,"minecraft:stick":1,"minecraft:dirt":1,"minecraft:iron_axe":1,"minecraft:iron_pickaxe":4,"minecraft:chainmail_leggings":3,"minecraft:pink_petals":3,"minecraft:bone":6,"iceandfire:witherbone":3,"minecraft:iron_hoe":1,"minecraft:chainmail_chestplate":1,"minecraft:lime_bed":1,"minecraft:iron_chestplate":1,"minecraft:spider_eye":1,"minecraft:bow":4,"minecraft:stone_pickaxe":1},"minecraft:killed_by":{"minecraft:stray":2,"alexsmobs:bison":2,"grimoireofgaia:minotaur":5,"grimoireofgaia:werecat":1,"grimoireofgaia:bone_knight":1,"grimoireofgaia:minotaurus":1,"minecraft:skeleton":4,"iceandfire:ghost":4},"minecraft:broken":{"minecraft:leather_chestplate":1,"minecraft:stone_pickaxe":2,"minecraft:chainmail_chestplate":1,"spartanshields:stone_basic_shield":2},"minecraft:killed":{"minecraft:spider":7,"grimoireofgaia:minotaurus":1,"minecraft:skeleton":6,"alexsmobs:bison":1,"minecraft:pig":1,"grimoireofgaia:bone_knight":1,"minecraft:creeper":1,"minecraft:zombie":17,"iceandfire:ghost":3,"grimoireofgaia:harpy":1,"minecraft:stray":4,"minecraft:wither_skeleton":4}},"DataVersion":3465}