{"stats":{"minecraft:mined":{"minecraft:fire":3,"minecraft:grass":22,"minecraft:oak_log":6,"minecraft:tall_grass":8,"minecraft:stone":24,"minecraft:oak_leaves":1},"minecraft:crafted":{"minecraft:oak_boat":2,"minecraft:oak_planks":28,"minecraft:crafting_table":1,"minecraft:stick":8,"minecraft:wooden_pickaxe":1,"minecraft:stone_pickaxe":1,"minecraft:stone_sword":1,"spartanshields:wooden_basic_shield":1,"spartanshields:stone_basic_shield":1,"minecraft:stone_axe":1},"minecraft:picked_up":{"minecraft:stick":18,"grimoireofgaia:meat":4,"minecraft:leather":1,"minecraft:wooden_pickaxe":3,"minecraft:gravel":5,"alexsmobs:bear_fur":1,"minecraft:potion":1,"minecraft:oak_log":7,"grimoireofgaia:box_iron":1,"spartanshields:stone_basic_shield":2,"alexsmobs:animal_dictionary":2,"minecraft:dirt":96,"minecraft:stone_sword":5,"minecraft:rotten_flesh":1,"minecraft:stone_axe":8,"minecraft:wheat_seeds":5,"minecraft:stone_pickaxe":7,"minecraft:iron_nugget":8,"minecraft:oak_sapling":2,"minecraft:oak_planks":9,"minecraft:cobblestone":135},"minecraft:custom":{"minecraft:time_since_rest":2842,"minecraft:sprint_one_cm":83974,"minecraft:damage_taken":2614,"minecraft:walk_one_cm":87217,"minecraft:damage_blocked_by_shield":645,"minecraft:mob_kills":10,"minecraft:damage_dealt":6537,"minecraft:interact_with_crafting_table":6,"minecraft:fly_one_cm":154430,"minecraft:open_chest":2,"minecraft:crouch_one_cm":1775,"minecraft:play_time":27495,"minecraft:deaths":8,"minecraft:sneak_time":448,"minecraft:jump":662,"minecraft:leave_game":1,"minecraft:time_since_death":5806,"minecraft:sleep_in_bed":2,"minecraft:total_world_time":27495,"minecraft:fall_one_cm":12425},"minecraft:killed_by":{"grimoireofgaia:satyress":1,"grimoireofgaia:mimic":4,"alexsmobs:grizzly_bear":3},"minecraft:used":{"minecraft:stone_sword":5,"spartanshields:stone_basic_shield":8,"minecraft:stone_pickaxe":21,"minecraft:wooden_pickaxe":11,"minecraft:rotten_flesh":1,"minecraft:stone_axe":86,"minecraft:dirt":8,"minecraft:crafting_table":1,"minecraft:oak_sapling":2,"minecraft:oak_boat":2,"grimoireofgaia:meat":4},"minecraft:killed":{"alexsmobs:grizzly_bear":1,"grimoireofgaia:satyress":6,"minecraft:zombie_villager":1,"grimoireofgaia:centaur":2}},"DataVersion":3465}