{"stats":{"minecraft:crafted":{"minecraft:oak_planks":44,"minecraft:crafting_table":3,"minecraft:iron_ingot":4,"minecraft:furnace":13,"minecraft:stick":48,"minecraft:wooden_pickaxe":2,"minecraft:stone_pickaxe":2,"minecraft:stone_sword":1,"spartanshields:wooden_basic_shield":1,"spartanshields:stone_basic_shield":1,"minecraft:torch":152,"minecraft:stone_axe":1,"minecraft:air":0},"minecraft:mined":{"iceandfire:silver_ore":3,"minecraft:iron_ore":45,"minecraft:crafting_table":1,"minecraft:granite":1,"minecraft:torch":1,"minecraft:grass":15,"minecraft:pointed_dripstone":40,"minecraft:oak_log":17,"minecraft:grass_block":6,"minecraft:coal_ore":69,"minecraft:dirt":19,"minecraft:copper_ore":4,"minecraft:tall_grass":16,"minecraft:stone":156,"minecraft:wall_torch":2},"minecraft:used":{"minecraft:stone_sword":18,"spartanshields:stone_basic_shield":1,"minecraft:stone_pickaxe":257,"minecraft:wooden_pickaxe":69,"minecraft:stone_axe":17,"minecraft:rotten_flesh":8,"minecraft:torch":73,"minecraft:dirt":16,"minecraft:cobblestone":8,"minecraft:crafting_table":4,"minecraft:furnace":6,"minecraft:granite":1},"minecraft:picked_up":{"minecraft:crafting_table":1,"minecraft:raw_iron":45,"minecraft:torch":125,"minecraft:wooden_pickaxe":7,"minecraft:oak_log":45,"iceandfire:ectoplasm":1,"minecraft:pointed_dripstone":143,"minecraft:apple":1,"spartanshields:stone_basic_shield":2,"minecraft:dirt":82,"alexsmobs:animal_dictionary":6,"minecraft:bone":2,"minecraft:raw_copper":39,"minecraft:stone_sword":2,"minecraft:arrow":4,"minecraft:rotten_flesh":10,"minecraft:stone_axe":2,"minecraft:wheat_seeds":4,"minecraft:iron_ingot":4,"minecraft:granite":1,"minecraft:stone_pickaxe":1,"minecraft:oak_sapling":1,"minecraft:oak_planks":39,"minecraft:coal":117,"iceandfire:raw_silver":6,"minecraft:cobblestone":317,"minecraft:furnace":7},"minecraft:custom":{"minecraft:time_since_rest":3695,"minecraft:sprint_one_cm":114858,"minecraft:interact_with_furnace":17,"minecraft:damage_taken":2558,"minecraft:walk_one_cm":121998,"minecraft:damage_blocked_by_shield":60,"minecraft:mob_kills":7,"minecraft:drop":5,"minecraft:damage_dealt":2280,"minecraft:interact_with_crafting_table":9,"minecraft:fly_one_cm":144422,"minecraft:crouch_one_cm":3692,"minecraft:play_time":48586,"minecraft:deaths":7,"minecraft:sneak_time":2144,"minecraft:jump":1028,"minecraft:leave_game":4,"minecraft:time_since_death":3660,"minecraft:total_world_time":48586,"minecraft:fall_one_cm":31039},"minecraft:dropped":{"minecraft:dirt":1,"minecraft:wheat_seeds":4},"minecraft:killed_by":{"minecraft:skeleton":1,"grimoireofgaia:werecat":1,"grimoireofgaia:minotaur":5},"minecraft:killed":{"minecraft:skeleton":1,"minecraft:zombie":5,"iceandfire:ghost":1},"minecraft:broken":{"minecraft:stone_pickaxe":2}},"DataVersion":3465}