{"stats":{"minecraft:mined":{"iceandfire:silver_ore":1,"minecraft:dandelion":1,"minecraft:grass_block":1,"minecraft:tall_grass":11,"minecraft:cobblestone":4,"minecraft:oak_planks":3,"minecraft:fire":3,"minecraft:grass":27,"minecraft:oak_log":15,"minecraft:coal_ore":4,"minecraft:dirt":2,"minecraft:stone":57,"minecraft:oak_leaves":3},"minecraft:crafted":{"minecraft:oak_planks":36,"minecraft:crafting_table":1,"minecraft:wooden_pickaxe":1,"spartanshields:stone_basic_shield":1,"minecraft:stone_axe":2,"minecraft:oak_boat":2,"minecraft:stick":16,"minecraft:stone_pickaxe":1,"minecraft:stone_sword":1,"spartanshields:wooden_basic_shield":1,"minecraft:torch":16},"minecraft:picked_up":{"minecraft:leather":4,"minecraft:wooden_pickaxe":3,"alexsmobs:bear_fur":1,"minecraft:potion":3,"minecraft:oak_log":23,"minecraft:chainmail_chestplate":1,"minecraft:string":2,"minecraft:dirt":101,"minecraft:iron_leggings":1,"minecraft:wheat_seeds":5,"minecraft:stone_pickaxe":8,"minecraft:iron_ingot":1,"minecraft:iron_nugget":24,"minecraft:glass_bottle":1,"minecraft:oak_planks":23,"minecraft:stick":18,"grimoireofgaia:meat":6,"minecraft:dandelion":1,"minecraft:gravel":5,"grimoireofgaia:box_iron":2,"spartanshields:stone_basic_shield":3,"alexsmobs:animal_dictionary":2,"minecraft:stone_sword":5,"minecraft:rotten_flesh":1,"minecraft:stone_axe":9,"minecraft:oak_sapling":6,"minecraft:coal":8,"iceandfire:raw_silver":1,"minecraft:cobblestone":212},"minecraft:custom":{"minecraft:mob_kills":20,"minecraft:interact_with_crafting_table":7,"minecraft:leave_game":1,"minecraft:time_since_death":2731,"minecraft:sleep_in_bed":3,"minecraft:time_since_rest":1613,"minecraft:sprint_one_cm":120267,"minecraft:damage_taken":3203,"minecraft:walk_one_cm":148152,"minecraft:damage_blocked_by_shield":1560,"minecraft:drop":1,"minecraft:damage_dealt":10579,"minecraft:fly_one_cm":208036,"minecraft:open_chest":2,"minecraft:crouch_one_cm":1778,"minecraft:deaths":9,"minecraft:play_time":39495,"minecraft:sneak_time":450,"minecraft:jump":939,"minecraft:total_world_time":39495,"minecraft:fall_one_cm":18513},"minecraft:dropped":{"grimoireofgaia:box_iron":1},"minecraft:killed_by":{"grimoireofgaia:satyress":1,"minecraft:zombie":1,"alexsmobs:grizzly_bear":3,"grimoireofgaia:mimic":4},"minecraft:used":{"minecraft:stone_sword":5,"minecraft:stone_pickaxe":66,"minecraft:oak_planks":3,"minecraft:wooden_pickaxe":11,"minecraft:rotten_flesh":1,"minecraft:torch":2,"minecraft:dirt":14,"minecraft:crafting_table":1,"spartanshields:stone_basic_shield":19,"minecraft:stone_axe":147,"minecraft:cobblestone":7,"minecraft:potion":1,"minecraft:oak_sapling":2,"grimoireofgaia:meat":6,"minecraft:oak_boat":2,"minecraft:iron_leggings":1},"minecraft:broken":{"minecraft:stone_axe":1},"minecraft:killed":{"grimoireofgaia:satyress":9,"alexsmobs:grizzly_bear":2,"minecraft:zombie_villager":1,"minecraft:spider":1,"grimoireofgaia:centaur":3,"minecraft:zombie":2,"grimoireofgaia:harpy":1,"alexsmobs:fly":1}},"DataVersion":3465}