{"stats":{"minecraft:dropped":{"alexsmobs:animal_dictionary":1},"minecraft:picked_up":{"grimoireofgaia:meat":4,"illagerinvasion:platinum_chunk":5,"minecraft:arrow":3,"minecraft:rotten_flesh":2,"minecraft:crossbow":1,"minecraft:iron_nugget":10,"minecraft:emerald":14,"minecraft:paper":2,"minecraft:white_banner":2},"minecraft:used":{"minecraft:torch":2,"minecraft:villager_spawn_egg":4,"minecraft:grass_block":163,"minecraft:white_bed":2,"minecraft:zombie_spawn_egg":16,"minecraft:bell":1},"minecraft:custom":{"minecraft:time_since_rest":10862,"minecraft:open_chest":1,"minecraft:crouch_one_cm":2173,"minecraft:play_time":10862,"minecraft:sprint_one_cm":22001,"minecraft:walk_one_cm":20483,"minecraft:raid_trigger":1,"minecraft:sneak_time":555,"minecraft:mob_kills":35,"minecraft:drop":1,"minecraft:jump":207,"minecraft:damage_dealt":7885,"minecraft:time_since_death":10862,"minecraft:total_world_time":10862,"minecraft:fly_one_cm":214239,"minecraft:fall_one_cm":2508},"minecraft:killed":{"illagerinvasion:provoker":2,"illagerinvasion:archivist":1,"minecraft:vindicator":3,"illagerinvasion:marauder":2,"minecraft:pillager":9,"minecraft:zombie":14,"grimoireofgaia:satyress":2,"illagerinvasion:basher":2}},"DataVersion":3465}