{"stats":{"minecraft:custom":{"minecraft:time_since_rest":12965,"minecraft:interact_with_furnace":8,"minecraft:sprint_one_cm":43165,"minecraft:damage_taken":660,"minecraft:walk_one_cm":56179,"minecraft:drop":2,"minecraft:damage_dealt":175,"minecraft:interact_with_crafting_table":12,"minecraft:fly_one_cm":72053,"minecraft:open_chest":1,"minecraft:crouch_one_cm":8480,"minecraft:play_time":23801,"minecraft:deaths":2,"minecraft:sneak_time":1918,"minecraft:jump":267,"minecraft:time_since_death":12936,"minecraft:sleep_in_bed":2,"minecraft:climb_one_cm":40,"minecraft:total_world_time":23801,"minecraft:fall_one_cm":16159},"minecraft:mined":{"minecraft:white_bed":1,"minecraft:furnace":1,"minecraft:iron_ore":6,"minecraft:crafting_table":4,"minecraft:ladder":1,"minecraft:grass":14,"minecraft:coal_ore":12,"minecraft:oak_log":14,"minecraft:dirt":2,"minecraft:cobweb":23,"minecraft:tall_grass":4,"minecraft:cobblestone":2,"minecraft:stone":75,"minecraft:oak_planks":20,"minecraft:diorite":3,"minecraft:oak_leaves":2},"minecraft:used":{"minecraft:stone_sword":23,"minecraft:stone_pickaxe":84,"minecraft:wooden_pickaxe":15,"minecraft:stone_axe":24,"minecraft:torch":4,"minecraft:dirt":2,"minecraft:cobblestone":4,"minecraft:crafting_table":4,"minecraft:furnace":1,"alexsmobs:animal_dictionary":1},"minecraft:crafted":{"immersive_armors:wooden_boots":1,"minecraft:oak_planks":32,"minecraft:iron_boots":1,"minecraft:shield":1,"minecraft:crafting_table":2,"minecraft:stick":28,"minecraft:iron_ingot":6,"minecraft:wooden_pickaxe":2,"minecraft:stone_pickaxe":2,"minecraft:stone_sword":1,"minecraft:furnace":1,"immersive_armors:wooden_helmet":1,"minecraft:torch":32,"minecraft:stone_axe":1,"minecraft:air":0},"minecraft:picked_up":{"minecraft:birch_log":3,"minecraft:raw_iron":6,"minecraft:stick":1,"minecraft:crafting_table":4,"minecraft:ladder":1,"minecraft:oak_log":14,"minecraft:diorite":3,"minecraft:white_bed":1,"minecraft:string":22,"minecraft:dirt":2,"minecraft:wheat_seeds":2,"minecraft:oak_planks":20,"minecraft:coal":23,"minecraft:rail":1,"minecraft:cobblestone":76,"minecraft:furnace":1},"minecraft:killed_by":{"grimoireofgaia:minotaurus":1,"grimoireofgaia:harpy":1},"minecraft:dropped":{"minecraft:wheat_seeds":2}},"DataVersion":3465}