{"stats":{"minecraft:crafted":{"minecraft:oak_planks":28,"minecraft:wooden_pickaxe":1,"minecraft:furnace":1,"spartanshields:stone_basic_shield":1,"minecraft:copper_ingot":12,"minecraft:stone_axe":1,"minecraft:air":0,"iceandfire:armor_copper_metal_boots":1,"minecraft:oak_trapdoor":2,"minecraft:stick":24,"minecraft:stone_pickaxe":3,"iceandfire:armor_copper_metal_chestplate":1,"minecraft:stone_sword":1,"spartanshields:wooden_basic_shield":1,"minecraft:torch":16},"minecraft:mined":{"iceandfire:silver_ore":2,"minecraft:brewing_stand":1,"minecraft:crafting_table":3,"minecraft:cobblestone":7,"minecraft:copper_ore":4,"minecraft:tall_grass":1,"minecraft:wall_torch":3,"minecraft:lime_bed":1,"minecraft:furnace":1,"minecraft:jukebox":1,"minecraft:enchanting_table":1,"minecraft:bookshelf":11,"minecraft:grass":1,"minecraft:coal_ore":21,"minecraft:oak_log":7,"minecraft:iron_bars":4,"minecraft:gravel":3,"minecraft:stone":274,"minecraft:oak_leaves":1},"minecraft:used":{"minecraft:oak_trapdoor":2,"minecraft:stone_sword":24,"spartanshields:wooden_basic_shield":9,"minecraft:stone_pickaxe":313,"minecraft:baked_potato":2,"minecraft:wooden_pickaxe":8,"minecraft:shield":8,"minecraft:iron_sword":107,"minecraft:torch":33,"minecraft:golden_apple":2,"minecraft:lime_bed":1,"minecraft:crafting_table":3,"minecraft:carrot":6,"spartanshields:stone_basic_shield":5,"minecraft:stone_axe":19,"minecraft:cobblestone":36,"minecraft:furnace":1,"minecraft:cooked_beef":6},"minecraft:picked_up":{"minecraft:enchanting_table":1,"minecraft:lime_bed":1,"minecraft:crafting_table":3,"minecraft:leather_chestplate":1,"minecraft:feather":3,"minecraft:cooked_beef":3,"iceandfire:armor_copper_metal_chestplate":1,"minecraft:potato":1,"minecraft:enchanted_book":1,"minecraft:flint":3,"minecraft:oak_log":7,"minecraft:chainmail_chestplate":1,"minecraft:brewing_stand":2,"minecraft:shield":1,"minecraft:string":23,"minecraft:raw_copper":12,"alexsmobs:ancient_dart":2,"minecraft:iron_shovel":1,"minecraft:bone":23,"minecraft:wheat_seeds":2,"minecraft:wild_armor_trim_smithing_template":2,"minecraft:stone_pickaxe":2,"minecraft:bamboo":4,"minecraft:iron_sword":1,"minecraft:oak_planks":109,"minecraft:furnace":2,"minecraft:book":33,"minecraft:stick":29,"minecraft:jukebox":2,"minecraft:copper_ingot":12,"minecraft:torch":50,"minecraft:gravel":6,"iceandfire:armor_copper_metal_boots":1,"minecraft:carrot":4,"alexsmobs:animal_dictionary":2,"minecraft:iron_hoe":1,"minecraft:stone_sword":1,"minecraft:arrow":1,"minecraft:rotten_flesh":7,"minecraft:stone_axe":2,"minecraft:chainmail_leggings":2,"minecraft:golden_apple":1,"minecraft:chainmail_helmet":1,"minecraft:gold_ingot":9,"minecraft:emerald":2,"minecraft:coal":51,"minecraft:iron_bars":4,"iceandfire:raw_silver":6,"minecraft:cobblestone":752},"minecraft:custom":{"minecraft:interact_with_furnace":4,"minecraft:mob_kills":17,"minecraft:interact_with_cartography_table":1,"minecraft:interact_with_crafting_table":15,"minecraft:time_since_death":20761,"minecraft:time_since_rest":20792,"minecraft:sprint_one_cm":100493,"minecraft:walk_one_cm":175613,"minecraft:damage_taken":1341,"minecraft:damage_absorbed":80,"minecraft:damage_blocked_by_shield":1905,"minecraft:drop":4,"minecraft:damage_dealt":4720,"minecraft:fly_one_cm":40161,"minecraft:open_chest":39,"minecraft:crouch_one_cm":1196,"minecraft:deaths":2,"minecraft:play_time":50174,"minecraft:sneak_time":719,"minecraft:interact_with_lectern":9,"minecraft:jump":420,"minecraft:total_world_time":50174,"minecraft:fall_one_cm":7099},"minecraft:dropped":{"minecraft:cobblestone":29,"alexsmobs:ancient_dart":1,"minecraft:iron_bars":1,"minecraft:wooden_pickaxe":1},"minecraft:killed_by":{"minecraft:skeleton":1,"minecraft:zombie":1},"minecraft:killed":{"minecraft:spider":3,"minecraft:skeleton":4,"minecraft:zombie":9,"iceandfire:ghost":1},"minecraft:broken":{"minecraft:stone_pickaxe":2}},"DataVersion":3465}