{"stats":{"minecraft:mined":{"minecraft:grass":1,"minecraft:tall_grass":1,"minecraft:oak_log":2,"minecraft:oak_leaves":1},"minecraft:picked_up":{"minecraft:oak_log":2},"minecraft:custom":{"minecraft:jump":22,"minecraft:time_since_rest":2174,"minecraft:damage_dealt":28,"minecraft:crouch_one_cm":228,"minecraft:sprint_one_cm":1438,"minecraft:play_time":2174,"minecraft:time_since_death":2174,"minecraft:walk_one_cm":2811,"minecraft:sneak_time":218,"minecraft:total_world_time":2174,"minecraft:fall_one_cm":1045,"minecraft:fly_one_cm":5908}},"DataVersion":3465}