{"stats":{"minecraft:custom":{"minecraft:open_chest":1,"minecraft:time_since_rest":965,"minecraft:crouch_one_cm":5223,"minecraft:interact_with_furnace":2,"minecraft:play_time":11801,"minecraft:sprint_one_cm":37099,"minecraft:damage_taken":630,"minecraft:walk_one_cm":29806,"minecraft:sneak_time":992,"minecraft:drop":2,"minecraft:jump":233,"minecraft:damage_dealt":175,"minecraft:time_since_death":936,"minecraft:sleep_in_bed":2,"minecraft:total_world_time":11801,"minecraft:interact_with_crafting_table":3,"minecraft:fall_one_cm":15824,"minecraft:fly_one_cm":70520,"minecraft:deaths":2},"minecraft:mined":{"minecraft:grass":14,"minecraft:oak_log":14,"minecraft:white_bed":1,"minecraft:dirt":1,"minecraft:tall_grass":4,"minecraft:stone":2,"minecraft:oak_leaves":2,"minecraft:crafting_table":1},"minecraft:used":{"minecraft:crafting_table":1,"alexsmobs:animal_dictionary":1,"minecraft:wooden_pickaxe":2},"minecraft:crafted":{"immersive_armors:wooden_boots":1,"minecraft:oak_planks":32,"immersive_armors:wooden_helmet":1,"minecraft:crafting_table":1,"minecraft:stick":4,"minecraft:wooden_pickaxe":1},"minecraft:picked_up":{"minecraft:birch_log":3,"minecraft:stick":1,"minecraft:crafting_table":1,"minecraft:wheat_seeds":2,"minecraft:oak_log":14,"minecraft:white_bed":1,"minecraft:dirt":1,"minecraft:cobblestone":2},"minecraft:killed_by":{"grimoireofgaia:harpy":1,"grimoireofgaia:minotaurus":1},"minecraft:dropped":{"minecraft:wheat_seeds":2}},"DataVersion":3465}