{"stats":{"minecraft:mined":{"minecraft:iron_ore":4,"minecraft:grass":6,"minecraft:oak_log":4,"minecraft:grass_block":1,"minecraft:coal_ore":25,"minecraft:stone":23,"minecraft:oak_leaves":4},"minecraft:crafted":{"minecraft:oak_planks":16,"minecraft:stick":24,"minecraft:wooden_pickaxe":1,"minecraft:iron_ingot":3,"minecraft:stone_pickaxe":1,"minecraft:stone_sword":1,"minecraft:bucket":1,"minecraft:stone_hoe":1,"minecraft:stone_axe":1,"minecraft:air":0},"minecraft:picked_up":{"minecraft:raw_iron":4,"minecraft:oak_log":4,"minecraft:dirt":1,"minecraft:coal":25,"minecraft:iron_boots":1,"minecraft:cobblestone":22},"minecraft:custom":{"minecraft:time_since_rest":2488,"minecraft:interact_with_furnace":4,"minecraft:sprint_one_cm":29078,"minecraft:damage_taken":178,"minecraft:walk_one_cm":34005,"minecraft:mob_kills":1,"minecraft:drop":1,"minecraft:damage_dealt":35,"minecraft:interact_with_crafting_table":6,"minecraft:talked_to_villager":1,"minecraft:fly_one_cm":26534,"minecraft:open_chest":2,"minecraft:crouch_one_cm":520,"minecraft:play_time":10872,"minecraft:sneak_time":618,"minecraft:jump":127,"minecraft:leave_game":1,"minecraft:time_since_death":10872,"minecraft:sleep_in_bed":1,"minecraft:total_world_time":10872,"minecraft:fall_one_cm":1589},"minecraft:dropped":{"minecraft:wooden_pickaxe":1},"minecraft:used":{"minecraft:water_bucket":1,"minecraft:stone_pickaxe":41,"minecraft:bread":4,"minecraft:wooden_pickaxe":15,"minecraft:iron_boots":1,"minecraft:stone_hoe":29,"minecraft:oak_sapling":4,"minecraft:bucket":1,"minecraft:potato":12}},"DataVersion":3465}