{"stats":{"minecraft:crafted":{"minecraft:cooked_beef":6,"minecraft:oak_planks":28,"minecraft:wooden_pickaxe":1,"minecraft:furnace":1,"spartanshields:stone_basic_shield":1,"minecraft:copper_ingot":12,"minecraft:bucket":1,"minecraft:stone_axe":1,"minecraft:cooked_mutton":2,"minecraft:air":0,"iceandfire:armor_copper_metal_boots":1,"minecraft:oak_trapdoor":2,"minecraft:stick":24,"minecraft:iron_ingot":8,"minecraft:stone_pickaxe":3,"iceandfire:armor_copper_metal_chestplate":1,"minecraft:stone_sword":1,"spartanshields:wooden_basic_shield":1,"minecraft:torch":16},"minecraft:mined":{"iceandfire:silver_ore":2,"minecraft:brewing_stand":1,"minecraft:crafting_table":3,"minecraft:grass_block":3,"iceandfire:ghost_chest":1,"minecraft:cobblestone":8,"minecraft:copper_ore":4,"minecraft:tall_grass":2,"minecraft:wall_torch":3,"minecraft:pink_petals":2,"minecraft:lime_bed":1,"minecraft:furnace":1,"minecraft:jukebox":1,"minecraft:enchanting_table":1,"minecraft:potatoes":1,"minecraft:bookshelf":13,"minecraft:grass":11,"minecraft:coal_ore":21,"minecraft:oak_log":7,"minecraft:iron_bars":4,"minecraft:gravel":3,"minecraft:dirt":3,"minecraft:stone":298,"minecraft:oak_leaves":1},"minecraft:used":{"minecraft:cooked_mutton":2,"minecraft:water_bucket":1,"minecraft:oak_trapdoor":2,"minecraft:stone_sword":24,"minecraft:iron_shovel":4,"spartanshields:wooden_basic_shield":9,"minecraft:stone_pickaxe":338,"minecraft:baked_potato":2,"minecraft:wooden_pickaxe":8,"minecraft:shield":36,"minecraft:iron_sword":194,"minecraft:iron_chestplate":1,"minecraft:torch":48,"minecraft:golden_apple":2,"minecraft:lime_bed":1,"minecraft:crafting_table":3,"minecraft:carrot":6,"minecraft:iron_hoe":25,"spartanshields:stone_basic_shield":5,"minecraft:iron_helmet":1,"minecraft:pink_petals":3,"minecraft:stone_axe":22,"minecraft:cobblestone":70,"minecraft:furnace":1,"minecraft:bucket":1,"grimoireofgaia:meat":1,"minecraft:potato":10,"minecraft:cooked_beef":17},"minecraft:picked_up":{"minecraft:enchanting_table":1,"minecraft:lime_bed":1,"minecraft:crafting_table":3,"minecraft:leather_chestplate":1,"minecraft:feather":11,"minecraft:cooked_beef":4,"minecraft:leather":3,"iceandfire:armor_copper_metal_chestplate":1,"minecraft:potato":4,"minecraft:enchanted_book":1,"minecraft:flint":3,"minecraft:oak_log":7,"minecraft:chainmail_chestplate":1,"minecraft:brewing_stand":2,"minecraft:shield":4,"minecraft:dirt":2,"minecraft:string":23,"minecraft:raw_copper":12,"alexsmobs:ancient_dart":2,"minecraft:cooked_mutton":1,"minecraft:iron_shovel":4,"minecraft:bone":23,"minecraft:wheat_seeds":2,"minecraft:wild_armor_trim_smithing_template":2,"minecraft:beef":6,"minecraft:stone_pickaxe":5,"minecraft:iron_nugget":9,"minecraft:bamboo":4,"minecraft:iron_sword":4,"minecraft:oak_planks":109,"minecraft:furnace":2,"minecraft:book":39,"grimoireofgaia:meat":2,"minecraft:stick":29,"iceandfire:ghost_chest":1,"minecraft:jukebox":2,"minecraft:copper_ingot":12,"minecraft:torch":158,"minecraft:gravel":6,"iceandfire:armor_copper_metal_boots":4,"minecraft:carrot":4,"alexsmobs:animal_dictionary":2,"minecraft:iron_hoe":3,"minecraft:stone_sword":1,"minecraft:arrow":3,"minecraft:rotten_flesh":9,"minecraft:stone_axe":5,"minecraft:chainmail_leggings":4,"minecraft:iron_helmet":3,"minecraft:golden_apple":1,"minecraft:chainmail_helmet":1,"minecraft:gold_ingot":9,"minecraft:emerald":3,"minecraft:pink_petals":9,"minecraft:mutton":2,"minecraft:coal":51,"minecraft:iron_bars":4,"minecraft:white_wool":1,"iceandfire:raw_silver":6,"minecraft:cobblestone":948,"minecraft:iron_chestplate":3},"minecraft:custom":{"minecraft:interact_with_furnace":14,"spartanshields:shield_bash_hits":8,"minecraft:mob_kills":35,"minecraft:interact_with_cartography_table":1,"minecraft:interact_with_crafting_table":16,"minecraft:time_since_death":5575,"minecraft:sleep_in_bed":1,"minecraft:time_since_rest":5599,"minecraft:sprint_one_cm":202721,"minecraft:walk_one_cm":314335,"minecraft:damage_taken":3733,"minecraft:damage_absorbed":80,"minecraft:damage_blocked_by_shield":3630,"minecraft:trigger_trapped_chest":4,"minecraft:drop":5,"minecraft:damage_dealt":9007,"minecraft:fly_one_cm":133903,"minecraft:open_chest":80,"minecraft:crouch_one_cm":4508,"minecraft:deaths":6,"minecraft:play_time":92174,"minecraft:sneak_time":1691,"minecraft:interact_with_lectern":9,"minecraft:jump":891,"minecraft:total_world_time":92174,"minecraft:fall_one_cm":25533},"minecraft:dropped":{"minecraft:cobblestone":29,"alexsmobs:ancient_dart":2,"minecraft:iron_bars":1,"minecraft:wooden_pickaxe":1},"minecraft:killed_by":{"grimoireofgaia:satyress":2,"grimoireofgaia:minotaurus":2,"minecraft:skeleton":1,"minecraft:zombie":1},"minecraft:killed":{"grimoireofgaia:satyress":1,"minecraft:spider":3,"illagerinvasion:marauder":1,"minecraft:sheep":1,"minecraft:skeleton":5,"minecraft:zombie":11,"iceandfire:ghost":8,"grimoireofgaia:harpy":2,"minecraft:cow":3},"minecraft:broken":{"minecraft:stone_pickaxe":2}},"DataVersion":3465}