{"stats":{"minecraft:crafted":{"minecraft:oak_planks":20,"minecraft:stick":20,"minecraft:wooden_pickaxe":1,"minecraft:stone_pickaxe":3,"minecraft:stone_sword":1,"minecraft:furnace":1,"minecraft:copper_ingot":12,"minecraft:torch":16,"minecraft:stone_axe":1,"minecraft:air":0,"minecraft:oak_trapdoor":2},"minecraft:mined":{"iceandfire:silver_ore":2,"minecraft:crafting_table":1,"minecraft:grass":1,"minecraft:oak_log":5,"minecraft:coal_ore":20,"minecraft:tall_grass":1,"minecraft:copper_ore":4,"minecraft:stone":228,"minecraft:oak_leaves":1,"minecraft:wall_torch":1},"minecraft:used":{"minecraft:oak_trapdoor":2,"minecraft:stone_sword":8,"minecraft:stone_pickaxe":247,"minecraft:wooden_pickaxe":8,"minecraft:stone_axe":1,"minecraft:torch":4,"minecraft:crafting_table":1,"minecraft:furnace":1},"minecraft:picked_up":{"minecraft:crafting_table":1,"minecraft:torch":1,"minecraft:oak_log":5,"minecraft:raw_copper":12,"minecraft:wheat_seeds":1,"minecraft:coal":18,"iceandfire:raw_silver":2,"minecraft:cobblestone":227},"minecraft:custom":{"minecraft:time_since_rest":14174,"minecraft:interact_with_furnace":3,"minecraft:sprint_one_cm":7998,"minecraft:walk_one_cm":38232,"minecraft:mob_kills":2,"minecraft:drop":1,"minecraft:damage_dealt":327,"minecraft:interact_with_crafting_table":9,"minecraft:fly_one_cm":10202,"minecraft:crouch_one_cm":383,"minecraft:play_time":14174,"minecraft:sneak_time":320,"minecraft:jump":97,"minecraft:time_since_death":14174,"minecraft:total_world_time":14174,"minecraft:fall_one_cm":1254},"minecraft:dropped":{"minecraft:wooden_pickaxe":1},"minecraft:killed":{"minecraft:zombie":1,"iceandfire:ghost":1},"minecraft:broken":{"minecraft:stone_pickaxe":1}},"DataVersion":3465}