{"stats":{"minecraft:crafted":{"minecraft:oak_planks":28,"minecraft:stick":24,"iceandfire:armor_copper_metal_chestplate":1,"minecraft:wooden_pickaxe":1,"minecraft:stone_pickaxe":3,"minecraft:stone_sword":1,"spartanshields:wooden_basic_shield":1,"minecraft:furnace":1,"spartanshields:stone_basic_shield":1,"minecraft:copper_ingot":12,"minecraft:torch":16,"minecraft:stone_axe":1,"iceandfire:armor_copper_metal_boots":1,"minecraft:air":0,"minecraft:oak_trapdoor":2},"minecraft:mined":{"minecraft:furnace":1,"iceandfire:silver_ore":2,"minecraft:jukebox":1,"minecraft:crafting_table":3,"minecraft:grass":1,"minecraft:oak_log":7,"minecraft:coal_ore":21,"minecraft:iron_bars":1,"minecraft:gravel":3,"minecraft:tall_grass":1,"minecraft:copper_ore":4,"minecraft:stone":274,"minecraft:oak_leaves":1,"minecraft:wall_torch":1},"minecraft:used":{"minecraft:oak_trapdoor":2,"minecraft:stone_sword":24,"spartanshields:wooden_basic_shield":9,"spartanshields:stone_basic_shield":5,"minecraft:stone_pickaxe":300,"minecraft:wooden_pickaxe":8,"minecraft:stone_axe":4,"minecraft:torch":14,"minecraft:cobblestone":19,"minecraft:crafting_table":3,"minecraft:furnace":1,"minecraft:cooked_beef":2},"minecraft:picked_up":{"minecraft:stick":5,"minecraft:crafting_table":3,"minecraft:leather_chestplate":1,"minecraft:jukebox":1,"minecraft:copper_ingot":12,"minecraft:torch":14,"minecraft:gravel":6,"minecraft:oak_log":7,"alexsmobs:animal_dictionary":1,"minecraft:arrow":1,"minecraft:raw_copper":12,"minecraft:stone_sword":1,"minecraft:bone":1,"minecraft:rotten_flesh":2,"minecraft:stone_axe":1,"minecraft:wheat_seeds":2,"minecraft:stone_pickaxe":1,"minecraft:iron_bars":1,"minecraft:oak_planks":1,"minecraft:coal":32,"iceandfire:raw_silver":4,"minecraft:cobblestone":525,"minecraft:furnace":1},"minecraft:custom":{"minecraft:time_since_rest":10158,"minecraft:interact_with_furnace":4,"minecraft:sprint_one_cm":41567,"minecraft:damage_taken":334,"minecraft:walk_one_cm":83878,"minecraft:damage_blocked_by_shield":1395,"minecraft:mob_kills":5,"minecraft:drop":1,"minecraft:damage_dealt":1207,"minecraft:interact_with_crafting_table":15,"minecraft:fly_one_cm":22758,"minecraft:open_chest":15,"minecraft:crouch_one_cm":818,"minecraft:play_time":26174,"minecraft:deaths":1,"minecraft:sneak_time":603,"minecraft:jump":267,"minecraft:time_since_death":10133,"minecraft:total_world_time":26174,"minecraft:fall_one_cm":2227},"minecraft:dropped":{"minecraft:wooden_pickaxe":1},"minecraft:killed_by":{"minecraft:skeleton":1},"minecraft:killed":{"minecraft:skeleton":2,"minecraft:zombie":2,"iceandfire:ghost":1},"minecraft:broken":{"minecraft:stone_pickaxe":2}},"DataVersion":3465}