{"stats":{"minecraft:crafted":{"minecraft:cooked_beef":6,"minecraft:oak_planks":28,"minecraft:wooden_pickaxe":1,"minecraft:furnace":1,"spartanshields:stone_basic_shield":1,"minecraft:copper_ingot":12,"minecraft:bucket":1,"minecraft:stone_axe":1,"minecraft:cooked_mutton":2,"minecraft:air":0,"iceandfire:armor_copper_metal_boots":1,"minecraft:oak_trapdoor":2,"minecraft:stick":24,"minecraft:iron_ingot":8,"minecraft:stone_pickaxe":3,"iceandfire:armor_copper_metal_chestplate":1,"minecraft:stone_sword":1,"spartanshields:wooden_basic_shield":1,"minecraft:torch":16},"minecraft:mined":{"iceandfire:silver_ore":2,"minecraft:brewing_stand":1,"minecraft:crafting_table":3,"minecraft:grass_block":2,"iceandfire:ghost_chest":1,"minecraft:cobblestone":7,"minecraft:copper_ore":4,"minecraft:tall_grass":2,"minecraft:wall_torch":3,"minecraft:pink_petals":2,"minecraft:lime_bed":1,"minecraft:furnace":1,"minecraft:jukebox":1,"minecraft:enchanting_table":1,"minecraft:bookshelf":13,"minecraft:grass":11,"minecraft:coal_ore":21,"minecraft:oak_log":7,"minecraft:iron_bars":4,"minecraft:gravel":3,"minecraft:dirt":3,"minecraft:stone":298,"minecraft:oak_leaves":1},"minecraft:used":{"minecraft:cooked_mutton":1,"minecraft:water_bucket":1,"minecraft:oak_trapdoor":2,"minecraft:stone_sword":24,"minecraft:iron_shovel":4,"spartanshields:wooden_basic_shield":9,"minecraft:stone_pickaxe":337,"minecraft:baked_potato":2,"minecraft:wooden_pickaxe":8,"minecraft:shield":29,"minecraft:iron_sword":179,"minecraft:torch":48,"minecraft:golden_apple":2,"minecraft:lime_bed":1,"minecraft:crafting_table":3,"minecraft:carrot":6,"minecraft:iron_hoe":25,"spartanshields:stone_basic_shield":5,"minecraft:stone_axe":22,"minecraft:cobblestone":58,"minecraft:furnace":1,"minecraft:bucket":1,"minecraft:potato":6,"minecraft:cooked_beef":16},"minecraft:picked_up":{"minecraft:enchanting_table":1,"minecraft:lime_bed":1,"minecraft:crafting_table":3,"minecraft:leather_chestplate":1,"minecraft:feather":5,"minecraft:cooked_beef":3,"minecraft:leather":3,"iceandfire:armor_copper_metal_chestplate":1,"minecraft:potato":1,"minecraft:enchanted_book":1,"minecraft:flint":3,"minecraft:oak_log":7,"minecraft:chainmail_chestplate":1,"minecraft:brewing_stand":2,"minecraft:shield":1,"minecraft:dirt":1,"minecraft:string":23,"minecraft:raw_copper":12,"alexsmobs:ancient_dart":2,"minecraft:iron_shovel":1,"minecraft:bone":23,"minecraft:wheat_seeds":2,"minecraft:wild_armor_trim_smithing_template":2,"minecraft:beef":6,"minecraft:stone_pickaxe":2,"minecraft:iron_nugget":1,"minecraft:bamboo":4,"minecraft:iron_sword":1,"minecraft:oak_planks":109,"minecraft:furnace":2,"minecraft:book":39,"minecraft:stick":29,"iceandfire:ghost_chest":1,"minecraft:jukebox":2,"minecraft:copper_ingot":12,"minecraft:torch":50,"minecraft:gravel":6,"iceandfire:armor_copper_metal_boots":1,"minecraft:carrot":4,"alexsmobs:animal_dictionary":2,"minecraft:iron_hoe":1,"minecraft:stone_sword":1,"minecraft:arrow":3,"minecraft:rotten_flesh":9,"minecraft:stone_axe":2,"minecraft:chainmail_leggings":2,"minecraft:golden_apple":1,"minecraft:chainmail_helmet":1,"minecraft:gold_ingot":9,"minecraft:emerald":2,"minecraft:mutton":2,"minecraft:coal":51,"minecraft:iron_bars":4,"minecraft:white_wool":1,"iceandfire:raw_silver":6,"minecraft:cobblestone":756},"minecraft:custom":{"minecraft:interact_with_furnace":13,"spartanshields:shield_bash_hits":3,"minecraft:mob_kills":32,"minecraft:interact_with_cartography_table":1,"minecraft:interact_with_crafting_table":16,"minecraft:time_since_death":39,"minecraft:sleep_in_bed":1,"minecraft:time_since_rest":68,"minecraft:sprint_one_cm":155320,"minecraft:walk_one_cm":283167,"minecraft:damage_taken":2718,"minecraft:damage_absorbed":80,"minecraft:damage_blocked_by_shield":2910,"minecraft:trigger_trapped_chest":4,"minecraft:drop":5,"minecraft:damage_dealt":8111,"minecraft:fly_one_cm":92926,"minecraft:open_chest":80,"minecraft:crouch_one_cm":4251,"minecraft:deaths":3,"minecraft:play_time":80174,"minecraft:sneak_time":1605,"minecraft:interact_with_lectern":9,"minecraft:jump":701,"minecraft:total_world_time":80174,"minecraft:fall_one_cm":17562},"minecraft:dropped":{"minecraft:cobblestone":29,"alexsmobs:ancient_dart":2,"minecraft:iron_bars":1,"minecraft:wooden_pickaxe":1},"minecraft:killed_by":{"grimoireofgaia:minotaurus":1,"minecraft:skeleton":1,"minecraft:zombie":1},"minecraft:killed":{"minecraft:spider":3,"minecraft:sheep":1,"minecraft:skeleton":5,"minecraft:zombie":11,"iceandfire:ghost":8,"grimoireofgaia:harpy":1,"minecraft:cow":3},"minecraft:broken":{"minecraft:stone_pickaxe":2}},"DataVersion":3465}