{
  "mutantmonsters:root": {
    "criteria": {
      "killed_something": "2024-08-15 21:58:33 +0000"
    },
    "done": true
  },
  "rats:recipes/misc/upgrades/crossbow_upgrade": {
    "criteria": {
      "has_arrow": "2024-08-15 21:58:35 +0000"
    },
    "done": true
  },
  "minecraft:recipes/misc/book": {
    "criteria": {
      "has_paper": "2024-08-15 21:58:50 +0000"
    },
    "done": true
  },
  "rats:recipes/tools/rat_capture_net": {
    "criteria": {
      "has_iron": "2024-08-15 21:58:41 +0000"
    },
    "done": true
  },
  "minecraft:recipes/decorations/crafting_table": {
    "criteria": {
      "unlock_right_away": "2024-08-15 21:52:23 +0000"
    },
    "done": true
  },
  "minecraft:recipes/decorations/chest": {
    "criteria": {
      "has_lots_of_items": "2024-08-15 21:58:40 +0000"
    },
    "done": true
  },
  "minecraft:recipes/building_blocks/emerald_block": {
    "criteria": {
      "has_emerald": "2024-08-15 21:58:34 +0000"
    },
    "done": true
  },
  "rats:recipes/misc/upgrades/pickpocket_upgrade": {
    "criteria": {
      "has_emerald": "2024-08-15 21:58:34 +0000"
    },
    "done": true
  },
  "illagerinvasion:recipes/misc/platinum_sheet": {
    "criteria": {
      "has_platinum_chunk": "2024-08-15 21:58:37 +0000"
    },
    "done": true
  },
  "minecraft:adventure/kill_all_mobs": {
    "criteria": {
      "minecraft:pillager": "2024-08-15 21:58:35 +0000",
      "minecraft:vindicator": "2024-08-15 21:58:39 +0000",
      "minecraft:zombie": "2024-08-15 22:00:08 +0000"
    },
    "done": false
  },
  "minecraft:adventure/voluntary_exile": {
    "criteria": {
      "voluntary_exile": "2024-08-15 21:58:39 +0000"
    },
    "done": true
  },
  "minecraft:recipes/decorations/chain": {
    "criteria": {
      "has_iron_nugget": "2024-08-15 21:58:41 +0000"
    },
    "done": true
  },
  "mowziesmobs:root": {
    "criteria": {
      "custom_test_name": "2024-08-15 21:52:23 +0000"
    },
    "done": true
  },
  "rats:recipes/misc/upgrades/bow_upgrade": {
    "criteria": {
      "has_arrow": "2024-08-15 21:58:35 +0000"
    },
    "done": true
  },
  "eeeabsmobs:eeeabsmobs/root": {
    "criteria": {
      "requirement": "2024-08-15 21:52:23 +0000"
    },
    "done": true
  },
  "rats:recipes/misc/cheese_banner_pattern": {
    "criteria": {
      "has_paper": "2024-08-15 21:58:50 +0000"
    },
    "done": true
  },
  "rats:root": {
    "criteria": {
      "tick": "2024-08-15 21:52:23 +0000"
    },
    "done": true
  },
  "cataclysm:root": {
    "criteria": {
      "custom_test_name": "2024-08-15 21:52:23 +0000"
    },
    "done": true
  },
  "rats:recipes/building_blocks/trash_can": {
    "criteria": {
      "has_nugget": "2024-08-15 21:58:41 +0000"
    },
    "done": true
  },
  "iceandfire:iceandfire/root": {
    "criteria": {
      "tick": "2024-08-15 21:52:23 +0000"
    },
    "done": true
  },
  "rats:recipes/misc/rat_banner_pattern": {
    "criteria": {
      "has_paper": "2024-08-15 21:58:50 +0000"
    },
    "done": true
  },
  "minecraft:recipes/decorations/lantern": {
    "criteria": {
      "has_iron_nugget": "2024-08-15 21:58:41 +0000"
    },
    "done": true
  },
  "rats:recipes/misc/rat_water_bottle": {
    "criteria": {
      "has_iron": "2024-08-15 21:58:41 +0000"
    },
    "done": true
  },
  "rats:recipes/misc/plague_doctorate": {
    "criteria": {
      "has_paper": "2024-08-15 21:58:50 +0000"
    },
    "done": true
  },
  "rats:recipes/building_blocks/jack_o_ratern": {
    "criteria": {
      "has_torch": "2024-08-15 21:57:48 +0000"
    },
    "done": true
  },
  "rats:recipes/misc/upgrades/undead_upgrade": {
    "criteria": {
      "has_flesh": "2024-08-15 22:00:16 +0000"
    },
    "done": true
  },
  "rats:recipes/misc/rat_and_crossbones_banner_pattern": {
    "criteria": {
      "has_paper": "2024-08-15 21:58:50 +0000"
    },
    "done": true
  },
  "minecraft:adventure/root": {
    "criteria": {
      "killed_something": "2024-08-15 21:58:33 +0000"
    },
    "done": true
  },
  "minecraft:recipes/decorations/cartography_table": {
    "criteria": {
      "has_paper": "2024-08-15 21:58:50 +0000"
    },
    "done": true
  },
  "betterdungeons:root": {
    "criteria": {
      "always": "2024-08-15 21:52:23 +0000"
    },
    "done": true
  },
  "minecraft:adventure/kill_a_mob": {
    "criteria": {
      "minecraft:pillager": "2024-08-15 21:58:35 +0000"
    },
    "done": true
  },
  "minecraft:adventure/adventuring_time": {
    "criteria": {
      "minecraft:windswept_hills": "2024-08-15 21:54:15 +0000",
      "minecraft:river": "2024-08-15 21:54:08 +0000",
      "minecraft:plains": "2024-08-15 21:52:24 +0000"
    },
    "done": false
  },
  "grimoireofgaia:main/root": {
    "criteria": {
      "join": "2024-08-15 21:52:23 +0000"
    },
    "done": true
  },
  "rats:recipes/tools/rat_flute": {
    "criteria": {
      "has_iron": "2024-08-15 21:58:41 +0000"
    },
    "done": true
  },
  "minecraft:recipes/misc/iron_ingot_from_nuggets": {
    "criteria": {
      "has_iron_nugget": "2024-08-15 21:58:41 +0000"
    },
    "done": true
  },
  "DataVersion": 3465
}