{
  "minecraft:recipes/redstone/lever": {
    "criteria": {
      "has_cobblestone": "2024-08-15 23:28:38 +0000"
    },
    "done": true
  },
  "minecraft:recipes/decorations/ladder": {
    "criteria": {
      "has_stick": "2024-08-15 23:28:09 +0000"
    },
    "done": true
  },
  "mutantmonsters:root": {
    "criteria": {
      "killed_by_something": "2024-08-15 23:31:49 +0000"
    },
    "done": true
  },
  "rats:recipes/tools/cheese_stick": {
    "criteria": {
      "has_stick": "2024-08-15 23:28:09 +0000"
    },
    "done": true
  },
  "minecraft:recipes/redstone/birch_button": {
    "criteria": {
      "has_planks": "2024-08-15 23:27:24 +0000"
    },
    "done": true
  },
  "minecraft:recipes/combat/stone_sword": {
    "criteria": {
      "has_cobblestone": "2024-08-15 23:28:38 +0000"
    },
    "done": true
  },
  "minecraft:recipes/decorations/cobblestone_wall": {
    "criteria": {
      "has_cobblestone": "2024-08-15 23:28:38 +0000"
    },
    "done": true
  },
  "minecraft:recipes/tools/stone_axe": {
    "criteria": {
      "has_cobblestone": "2024-08-15 23:28:38 +0000"
    },
    "done": true
  },
  "minecraft:story/mine_stone": {
    "criteria": {
      "get_stone": "2024-08-15 23:28:38 +0000"
    },
    "done": true
  },
  "minecraft:recipes/decorations/furnace": {
    "criteria": {
      "has_cobblestone": "2024-08-15 23:28:38 +0000"
    },
    "done": true
  },
  "spartanshields:recipes/wooden_basic_shield": {
    "criteria": {
      "has_planks": "2024-08-15 23:27:24 +0000"
    },
    "done": true
  },
  "minecraft:recipes/redstone/birch_door": {
    "criteria": {
      "has_planks": "2024-08-15 23:27:24 +0000"
    },
    "done": true
  },
  "minecraft:recipes/decorations/birch_fence": {
    "criteria": {
      "has_planks": "2024-08-15 23:27:24 +0000"
    },
    "done": true
  },
  "immersive_armors:recipes/misc/wooden": {
    "criteria": {
      "has_item": "2024-08-15 23:25:30 +0000"
    },
    "done": true
  },
  "minecraft:recipes/tools/wooden_axe": {
    "criteria": {
      "has_stick": "2024-08-15 23:28:09 +0000"
    },
    "done": true
  },
  "rats:recipes/tools/radius_stick": {
    "criteria": {
      "has_stick": "2024-08-15 23:28:09 +0000"
    },
    "done": true
  },
  "minecraft:recipes/combat/arrow": {
    "criteria": {
      "has_feather": "2024-08-15 23:32:19 +0000"
    },
    "done": true
  },
  "spartanshields:recipes/wooden_tower_shield": {
    "criteria": {
      "has_planks": "2024-08-15 23:27:24 +0000"
    },
    "done": true
  },
  "rats:recipes/tools/rat_capture_net": {
    "criteria": {
      "has_iron": "2024-08-15 23:32:19 +0000"
    },
    "done": true
  },
  "minecraft:recipes/decorations/crafting_table": {
    "criteria": {
      "unlock_right_away": "2024-08-15 23:20:25 +0000"
    },
    "done": true
  },
  "rats:recipes/building_blocks/rat_crafting_table": {
    "criteria": {
      "has_table": "2024-08-15 23:28:05 +0000"
    },
    "done": true
  },
  "minecraft:recipes/decorations/chest": {
    "criteria": {
      "has_lots_of_items": "2024-08-15 23:29:06 +0000"
    },
    "done": true
  },
  "minecraft:recipes/misc/stick": {
    "criteria": {
      "has_planks": "2024-08-15 23:27:24 +0000"
    },
    "done": true
  },
  "spartanshields:recipes/stone_basic_shield": {
    "criteria": {
      "has_cobblestone": "2024-08-15 23:28:38 +0000"
    },
    "done": true
  },
  "minecraft:adventure/sleep_in_bed": {
    "criteria": {
      "slept_in_bed": "2024-08-15 23:30:16 +0000"
    },
    "done": true
  },
  "minecraft:recipes/building_blocks/cobblestone_slab_from_cobblestone_stonecutting": {
    "criteria": {
      "has_cobblestone": "2024-08-15 23:28:38 +0000"
    },
    "done": true
  },
  "minecraft:recipes/decorations/birch_sign": {
    "criteria": {
      "has_planks": "2024-08-15 23:27:24 +0000"
    },
    "done": true
  },
  "minecraft:recipes/building_blocks/birch_wood": {
    "criteria": {
      "has_log": "2024-08-15 23:26:57 +0000"
    },
    "done": true
  },
  "minecraft:recipes/decorations/chain": {
    "criteria": {
      "has_iron_nugget": "2024-08-15 23:32:19 +0000"
    },
    "done": true
  },
  "rats:recipes/misc/rat_seed_bowl": {
    "criteria": {
      "has_seeds": "2024-08-15 23:25:39 +0000"
    },
    "done": true
  },
  "mowziesmobs:root": {
    "criteria": {
      "custom_test_name": "2024-08-15 23:20:25 +0000"
    },
    "done": true
  },
  "minecraft:recipes/redstone/birch_fence_gate": {
    "criteria": {
      "has_planks": "2024-08-15 23:27:24 +0000"
    },
    "done": true
  },
  "minecraft:recipes/building_blocks/stone": {
    "criteria": {
      "has_cobblestone": "2024-08-15 23:28:38 +0000"
    },
    "done": true
  },
  "iceandfire:recipes/misc/earplugs": {
    "criteria": {
      "has_item": "2024-08-15 23:27:24 +0000"
    },
    "done": true
  },
  "eeeabsmobs:eeeabsmobs/root": {
    "criteria": {
      "requirement": "2024-08-15 23:20:25 +0000"
    },
    "done": true
  },
  "rats:recipes/misc/upgrades/lumberjack_upgrade": {
    "criteria": {
      "has_sapling": "2024-08-15 23:23:22 +0000"
    },
    "done": true
  },
  "minecraft:recipes/building_blocks/birch_slab": {
    "criteria": {
      "has_planks": "2024-08-15 23:27:24 +0000"
    },
    "done": true
  },
  "rats:recipes/misc/upgrades/crafting_upgrade": {
    "criteria": {
      "has_planks": "2024-08-15 23:27:24 +0000"
    },
    "done": true
  },
  "minecraft:recipes/decorations/oak_hanging_sign": {
    "criteria": {
      "has_stripped_logs": "2024-08-15 23:32:30 +0000"
    },
    "done": true
  },
  "rats:recipes/misc/upgrades/replanter_upgrade": {
    "criteria": {
      "has_seeds": "2024-08-15 23:25:39 +0000"
    },
    "done": true
  },
  "rats:recipes/misc/upgrades/farmer_upgrade": {
    "criteria": {
      "has_seeds": "2024-08-15 23:25:39 +0000"
    },
    "done": true
  },
  "rats:root": {
    "criteria": {
      "tick": "2024-08-15 23:20:25 +0000"
    },
    "done": true
  },
  "cataclysm:root": {
    "criteria": {
      "custom_test_name": "2024-08-15 23:20:25 +0000"
    },
    "done": true
  },
  "rats:recipes/building_blocks/trash_can": {
    "criteria": {
      "has_nugget": "2024-08-15 23:32:19 +0000"
    },
    "done": true
  },
  "minecraft:recipes/building_blocks/birch_stairs": {
    "criteria": {
      "has_planks": "2024-08-15 23:27:24 +0000"
    },
    "done": true
  },
  "iceandfire:iceandfire/root": {
    "criteria": {
      "tick": "2024-08-15 23:20:25 +0000"
    },
    "done": true
  },
  "rats:recipes/combat/piper_hat": {
    "criteria": {
      "has_feather": "2024-08-15 23:32:19 +0000"
    },
    "done": true
  },
  "spartanshields:recipes/stone_tower_shield": {
    "criteria": {
      "has_cobblestone": "2024-08-15 23:28:38 +0000"
    },
    "done": true
  },
  "minecraft:recipes/building_blocks/birch_planks": {
    "criteria": {
      "has_logs": "2024-08-15 23:26:57 +0000"
    },
    "done": true
  },
  "minecraft:recipes/tools/stone_pickaxe": {
    "criteria": {
      "has_cobblestone": "2024-08-15 23:28:38 +0000"
    },
    "done": true
  },
  "minecraft:recipes/decorations/lantern": {
    "criteria": {
      "has_iron_nugget": "2024-08-15 23:32:19 +0000"
    },
    "done": true
  },
  "minecraft:recipes/decorations/campfire": {
    "criteria": {
      "has_stick": "2024-08-15 23:28:09 +0000"
    },
    "done": true
  },
  "rats:recipes/misc/rat_water_bottle": {
    "criteria": {
      "has_iron": "2024-08-15 23:32:19 +0000"
    },
    "done": true
  },
  "minecraft:recipes/tools/wooden_hoe": {
    "criteria": {
      "has_stick": "2024-08-15 23:28:09 +0000"
    },
    "done": true
  },
  "rats:recipes/misc/upgrades/chicken_mount_upgrade": {
    "criteria": {
      "has_seeds": "2024-08-15 23:25:39 +0000"
    },
    "done": true
  },
  "minecraft:recipes/misc/charcoal": {
    "criteria": {
      "has_log": "2024-08-15 23:25:30 +0000"
    },
    "done": true
  },
  "minecraft:recipes/tools/wooden_pickaxe": {
    "criteria": {
      "has_stick": "2024-08-15 23:28:09 +0000"
    },
    "done": true
  },
  "rats:recipes/misc/upgrades/breeder_upgrade": {
    "criteria": {
      "has_seeds": "2024-08-15 23:25:39 +0000"
    },
    "done": true
  },
  "minecraft:recipes/redstone/birch_trapdoor": {
    "criteria": {
      "has_planks": "2024-08-15 23:27:24 +0000"
    },
    "done": true
  },
  "minecraft:recipes/tools/wooden_shovel": {
    "criteria": {
      "has_stick": "2024-08-15 23:28:09 +0000"
    },
    "done": true
  },
  "rats:recipes/misc/feathery_wing": {
    "criteria": {
      "has_feather": "2024-08-15 23:32:19 +0000"
    },
    "done": true
  },
  "minecraft:recipes/building_blocks/cobblestone_slab": {
    "criteria": {
      "has_cobblestone": "2024-08-15 23:28:38 +0000"
    },
    "done": true
  },
  "minecraft:adventure/root": {
    "criteria": {
      "killed_by_something": "2024-08-15 23:31:49 +0000"
    },
    "done": true
  },
  "minecraft:recipes/combat/wooden_sword": {
    "criteria": {
      "has_stick": "2024-08-15 23:28:09 +0000"
    },
    "done": true
  },
  "minecraft:recipes/building_blocks/oak_planks": {
    "criteria": {
      "has_logs": "2024-08-15 23:25:30 +0000"
    },
    "done": true
  },
  "betterdungeons:root": {
    "criteria": {
      "always": "2024-08-15 23:20:25 +0000"
    },
    "done": true
  },
  "minecraft:adventure/adventuring_time": {
    "criteria": {
      "minecraft:forest": "2024-08-15 23:21:55 +0000",
      "minecraft:meadow": "2024-08-15 23:25:12 +0000",
      "minecraft:plains": "2024-08-15 23:20:26 +0000"
    },
    "done": false
  },
  "minecraft:recipes/decorations/barrel": {
    "criteria": {
      "has_planks": "2024-08-15 23:27:24 +0000"
    },
    "done": true
  },
  "rats:recipes/misc/upgrades/dj_upgrade": {
    "criteria": {
      "has_planks": "2024-08-15 23:27:24 +0000"
    },
    "done": true
  },
  "minecraft:recipes/decorations/cobblestone_wall_from_cobblestone_stonecutting": {
    "criteria": {
      "has_cobblestone": "2024-08-15 23:28:38 +0000"
    },
    "done": true
  },
  "minecraft:recipes/building_blocks/stripped_oak_wood": {
    "criteria": {
      "has_log": "2024-08-15 23:32:30 +0000"
    },
    "done": true
  },
  "grimoireofgaia:main/root": {
    "criteria": {
      "join": "2024-08-15 23:20:25 +0000"
    },
    "done": true
  },
  "rats:recipes/building_blocks/rat_quarry": {
    "criteria": {
      "has_table": "2024-08-15 23:28:05 +0000"
    },
    "done": true
  },
  "minecraft:recipes/building_blocks/cobblestone_stairs_from_cobblestone_stonecutting": {
    "criteria": {
      "has_cobblestone": "2024-08-15 23:28:38 +0000"
    },
    "done": true
  },
  "minecraft:recipes/redstone/birch_pressure_plate": {
    "criteria": {
      "has_planks": "2024-08-15 23:27:24 +0000"
    },
    "done": true
  },
  "grimoireofgaia:main/harpy": {
    "criteria": {
      "kill": "2024-08-15 23:32:18 +0000"
    },
    "done": true
  },
  "minecraft:recipes/building_blocks/cobblestone_stairs": {
    "criteria": {
      "has_cobblestone": "2024-08-15 23:28:38 +0000"
    },
    "done": true
  },
  "minecraft:recipes/tools/stone_hoe": {
    "criteria": {
      "has_cobblestone": "2024-08-15 23:28:38 +0000"
    },
    "done": true
  },
  "rats:recipes/tools/patrol_stick": {
    "criteria": {
      "has_stick": "2024-08-15 23:28:09 +0000"
    },
    "done": true
  },
  "rats:recipes/tools/rat_flute": {
    "criteria": {
      "has_iron": "2024-08-15 23:32:19 +0000"
    },
    "done": true
  },
  "minecraft:recipes/tools/stone_shovel": {
    "criteria": {
      "has_cobblestone": "2024-08-15 23:28:38 +0000"
    },
    "done": true
  },
  "minecraft:recipes/building_blocks/oak_wood": {
    "criteria": {
      "has_log": "2024-08-15 23:25:30 +0000"
    },
    "done": true
  },
  "minecraft:story/root": {
    "criteria": {
      "crafting_table": "2024-08-15 23:28:05 +0000"
    },
    "done": true
  },
  "minecraft:recipes/misc/iron_ingot_from_nuggets": {
    "criteria": {
      "has_iron_nugget": "2024-08-15 23:32:19 +0000"
    },
    "done": true
  },
  "rats:recipes/misc/upgrades/gardener_upgrade": {
    "criteria": {
      "has_seeds": "2024-08-15 23:25:39 +0000"
    },
    "done": true
  },
  "DataVersion": 3465
}